01-01-2018,914.04,914.04,898.98,901.21,4362653,15.06,12.83
02-01-2018,904.43,910.92,897.89,902.59,4383982,13.03,1.84
03-01-2018,916.31,917.3,904.48,906.21,6233850,12.82,10.1
04-01-2018,909.53,913.14,907.1,911.66,4157622,6.04,-2.13
05-01-2018,913.14,918.2,911.61,914.58,3434153,6.59,-1.44
08-01-2018,917.4,922.26,914.83,919.83,4073670,7.43,-2.43
09-01-2018,919.43,935.04,915.32,932.11,6596944,19.72,-12.68
10-01-2018,934.14,938.5,926.72,933.5,5412325,11.78,0.64
11-01-2018,932.96,933.8,926.22,928.94,3622746,7.58,4.02
12-01-2018,934.14,943.85,929.44,940.09,6955341,14.41,-5.95
15-01-2018,941.08,949.5,936.32,940.24,5132307,13.18,0.84
16-01-2018,938.8,938.8,911.36,914.28,4995807,27.44,24.52
17-01-2018,917.3,920.28,898.48,915.82,6093653,21.8,1.48
18-01-2018,920.28,920.87,906.51,911.06,4329710,14.36,9.22
19-01-2018,914.33,925.63,913.44,922.55,4602786,12.19,-8.22
22-01-2018,939.1,965.15,931.17,962.38,21090888,33.98,-23.28
23-01-2018,965.84,981.64,965.84,974.02,10396123,15.8,-8.18
24-01-2018,972.53,972.53,953.61,957.28,6594597,18.92,15.25
25-01-2018,958.81,962.87,947.17,956.83,6308659,15.7,1.98
29-01-2018,957.13,968.12,950.29,955.44,4567495,17.83,1.69
30-01-2018,956.73,956.73,940.09,941.48,4237935,16.64,15.25
31-01-2018,941.08,955.44,932.71,952.27,5792603,22.73,-11.19
01-02-2018,954.2,963.47,927.81,934.99,7626199,35.66,19.21
02-02-2018,926.22,935.09,892.54,895.86,13367621,42.55,30.36
05-02-2018,885.61,903.93,873.52,893.68,8856692,30.41,-8.07
06-02-2018,868.76,889.57,862.82,883.72,11104845,26.75,-14.96
07-02-2018,894.07,896.9,881.64,886,7168149,15.26,8.07
08-02-2018,889.47,902.1,883.97,896.06,6380650,18.13,-6.59
09-02-2018,880.65,893.53,877.68,889.42,5344465,15.85,-8.77
12-02-2018,894.52,909.58,893.58,906.9,5481263,16,-12.38
14-02-2018,914.33,933.65,912.35,924.88,10267373,21.3,-10.55
15-02-2018,928.85,936.87,919.43,926.86,6167368,17.44,1.99
16-02-2018,930.78,933.75,909.48,912.65,4443397,24.27,18.13
19-02-2018,912.35,923.25,904.97,918.3,4126687,18.28,-5.95
20-02-2018,920.28,920.82,910.17,912.45,3903575,10.65,7.83
21-02-2018,921.27,923.74,913.49,920.62,5499876,10.25,0.65
22-02-2018,913.34,922.26,911.36,915.67,5167373,10.9,-2.33
23-02-2018,916.71,929.19,914.09,925.48,4896822,15.1,-8.77
26-02-2018,930.18,936.03,927.81,929.89,3893035,8.22,0.29
27-02-2018,930.18,946.82,929.54,941.57,6470860,17.28,-11.39
28-02-2018,937.07,948.11,934.34,945.59,26144196,13.77,-8.52
01-03-2018,940.83,950.89,937.07,939.49,4133467,13.82,1.34
05-03-2018,934.14,941.23,912.95,915.42,5688308,28.28,18.72
06-03-2018,920.28,927.41,896.6,902.3,7393104,30.81,17.98
07-03-2018,900.71,900.71,879.71,881.39,7316411,21,19.32
08-03-2018,889.22,905.91,884.91,902.89,6130551,21,-13.67
09-03-2018,906.31,910.72,902.49,904.53,4909680,8.23,1.78
12-03-2018,911.36,924.34,908.93,921.56,3837442,15.41,-10.2
13-03-2018,923.15,927.21,912.7,923.1,5145139,14.51,0.05
14-03-2018,920.08,923.3,910.57,920.33,6795340,12.73,-0.25
15-03-2018,916.31,920.72,901.45,903.24,5866512,19.27,13.07
16-03-2018,900.46,901.16,877.73,891.6,14221105,23.43,8.86
19-03-2018,892.54,898.38,883.62,887.09,5829129,14.76,5.45
20-03-2018,884.91,895.51,878.72,881.44,7011562,16.79,3.47
21-03-2018,886.45,893.88,884.91,888.48,6791031,8.97,-2.03
22-03-2018,887.59,903.39,887.34,899.62,10212867,16.05,-12.03
23-03-2018,882.24,891.55,880.75,885.51,10831404,10.8,-3.27
26-03-2018,885.56,895.81,884.12,892.64,6104586,11.69,-7.08
27-03-2018,898.68,902.2,888.58,891.35,7005360,13.62,7.33
28-03-2018,887.39,887.44,871.74,874.41,8842621,15.7,12.98
02-04-2018,884.61,892.49,878.18,884.56,5766212,14.31,0.05
03-04-2018,882.63,893.23,876.94,891.1,6425061,16.29,-8.47
04-04-2018,896.2,903.24,883.67,886.5,6560008,19.57,9.7
05-04-2018,896.6,901.45,895.02,899.67,3935633,6.43,-3.07
06-04-2018,899.47,909.87,896.5,902.45,4460346,13.37,-2.98
09-04-2018,903.98,910.37,903.98,907.4,3606114,6.39,-3.42
10-04-2018,909.78,915.22,905.57,908.44,3902043,9.65,1.34
11-04-2018,913.14,923.99,907.45,922.11,6064486,16.54,-8.97
12-04-2018,921.12,927.85,915.52,919.98,4994626,12.33,1.14
13-04-2018,923.94,932.86,919.98,930.03,5822661,12.88,-6.09
16-04-2018,925.68,931.17,919.78,928.25,4123168,11.39,-2.57
17-04-2018,931.17,938.31,927.21,935.38,4430315,11.1,-4.21
18-04-2018,936.37,939.3,926.27,929.19,3397096,13.03,7.18
19-04-2018,930.28,936.13,926.22,933.45,4523894,9.91,-3.17
20-04-2018,929.19,933.01,912.55,919.19,3381270,20.46,10
23-04-2018,921.27,935.48,919.78,927.21,3541773,15.7,-5.94
24-04-2018,927.01,966.54,926.22,960.94,9193595,40.32,-33.93
25-04-2018,964.51,972.58,954.5,961.39,6497635,18.08,3.12
26-04-2018,963.86,978.72,953.21,966.19,15735765,25.51,-2.33
27-04-2018,980.51,1001.51,976.25,986.94,11776855,25.26,-6.43
30-04-2018,972.78,983.28,950.99,954.25,8955901,32.29,18.53
02-05-2018,957.92,970.01,955.99,963.57,6175753,14.02,-5.65
03-05-2018,968.72,968.72,950.24,952.57,3984966,18.48,16.15
04-05-2018,953.81,955.64,941.08,944.99,3831673,14.56,8.82
07-05-2018,949.85,964.11,947.37,961.88,3545828,16.74,-12.03
08-05-2018,968.32,972.78,956.14,958.02,4980807,16.64,10.3
09-05-2018,956.83,975.06,953.21,967.53,4537027,21.85,-10.7
10-05-2018,970.8,975.35,965.1,971.94,4052701,10.25,-1.14
11-05-2018,972.04,981.99,968.57,979.96,4049542,13.42,-7.92
14-05-2018,982.64,982.64,967.53,977.34,2604014,15.11,5.3
15-05-2018,973.82,990.61,967.48,969.76,4846433,23.13,4.06
16-05-2018,964.85,964.85,943.51,947.17,8695012,21.34,17.68
17-05-2018,950.34,950.99,932.66,936.47,4778347,18.33,13.87
18-05-2018,936.72,944.55,923.25,925.08,5279614,21.3,11.64
21-05-2018,922.01,926.91,913.44,922.6,6687693,13.47,-0.59
22-05-2018,924.39,925.23,916.31,918.05,5219599,8.92,6.34
23-05-2018,917.3,917.3,900.61,903.68,4610859,16.69,13.62
24-05-2018,905.42,912.35,901.6,907.25,5368394,10.75,-1.83
25-05-2018,907.4,914.73,905.86,912.15,8206582,8.87,-4.75
28-05-2018,916.21,918.3,909.48,911.76,5247107,8.82,4.45
29-05-2018,912.85,919.29,905.81,908.83,8250874,13.48,4.02
30-05-2018,906.26,914.53,898.09,907.5,6048015,16.44,-1.24
31-05-2018,912.35,913.64,905.96,912.7,17112493,7.68,-0.35
01-06-2018,911.36,926.96,909.83,921.81,8848929,17.13,-10.45
04-06-2018,924.64,935.14,921.81,932.02,5653445,13.33,-7.38
05-06-2018,933.95,946.03,932.16,938.75,8047089,13.87,-4.8
06-06-2018,938.11,947.02,933.8,945.44,4229196,13.22,-7.33
07-06-2018,945.93,966.84,945.49,962.23,6922303,21.35,-16.3
08-06-2018,957.28,977.29,951.58,975.11,6594524,25.71,-17.83
11-06-2018,977.83,990.56,969.86,973.42,6931139,20.7,4.41
12-06-2018,974.17,990.61,971.09,987.79,7515797,19.52,-13.62
13-06-2018,990.61,996.45,980.21,993.09,5982195,16.24,-2.48
14-06-2018,988.08,1002.3,978.13,998.49,5536860,24.17,-10.41
15-06-2018,996.55,1013.89,989.87,1004.68,11401768,24.02,-8.13
18-06-2018,999.33,1010.87,997.54,1006.01,5705955,13.33,-6.68
19-06-2018,1004.38,1005.27,984.32,986.7,6406258,20.95,17.68
20-06-2018,986.65,1013.29,985.51,1009.68,7262017,27.78,-23.03
21-06-2018,1013.84,1026.27,1011.71,1022.26,10609381,14.56,-8.42
22-06-2018,1018.74,1019.54,998.98,1002.99,16323259,20.56,15.75
25-06-2018,1001.9,1006.95,992.89,995.02,5246965,14.06,6.88
26-06-2018,996.55,996.55,966.09,969.76,8145070,30.46,26.79
27-06-2018,969.31,976.15,953.66,956.78,9043476,22.49,12.53
28-06-2018,952.97,959.41,931.47,936.08,8662578,27.94,16.89
29-06-2018,940.19,966.34,940.09,963.32,8041917,26.25,-23.13
02-07-2018,963.22,963.22,948.01,951.58,6724057,15.21,11.64
03-07-2018,955.94,969.26,951.33,962.18,5115295,17.93,-6.24
04-07-2018,962.67,982.68,961.88,980.8,5048128,20.8,-18.13
05-07-2018,987.64,998.93,949.6,955.44,18896800,49.33,32.2
06-07-2018,955.69,973.77,955.44,968.37,9248109,18.33,-12.68
09-07-2018,977.83,990.61,974.26,987.74,5219199,16.35,-9.91
10-07-2018,993.33,1018.84,990.61,1016.07,10543520,28.23,-22.74
11-07-2018,1015.37,1031.13,1008.29,1029.05,8747211,22.84,-13.68
12-07-2018,1034.54,1088.68,1032.81,1072.19,24337837,55.87,-37.65
13-07-2018,1070.35,1098.59,1069.86,1089.47,18137600,28.73,-19.12
16-07-2018,1089.47,1098.49,1062.97,1066.09,6658305,35.52,23.38
17-07-2018,1068.17,1085.66,1059.56,1082.09,6530580,26.1,-13.92
18-07-2018,1088.09,1094.23,1067.18,1082.29,4726482,27.05,5.8
19-07-2018,1083.03,1104.53,1076.15,1094.48,5485124,28.38,-11.45
20-07-2018,1102.94,1127.81,1101.46,1118.05,8094157,26.35,-15.11
23-07-2018,1119.19,1119.19,1102.65,1109.78,5897879,16.54,9.41
24-07-2018,1111.46,1116.17,1097,1100.52,4511508,19.17,10.94
25-07-2018,1099.58,1112.45,1093.83,1104.68,6006079,18.62,-5.1
26-07-2018,1099.68,1110.97,1097.4,1100.22,6485770,13.57,-0.54
27-07-2018,1108.99,1126.72,1101.71,1119.24,6742785,25.01,-10.25
30-07-2018,1119.39,1146.43,1117.41,1140.59,14003969,29.02,-21.2
31-07-2018,1140.19,1179.22,1136.38,1174.86,14006906,42.84,-34.67
01-08-2018,1179.22,1191.6,1174.27,1181.15,9796285,17.33,-1.93
02-08-2018,1180.31,1180.31,1155,1157.38,6308211,25.31,22.93
03-08-2018,1163.97,1172.39,1158.57,1165.9,6708391,13.82,-1.93
06-08-2018,1165.65,1184.77,1164.31,1181.4,4054491,20.46,-15.75
07-08-2018,1183.68,1190.12,1165.95,1173.08,4097941,24.17,10.6
08-08-2018,1173.87,1211.02,1173.87,1206.27,7987442,37.15,-32.4
09-08-2018,1210.03,1220.13,1200.62,1206.51,6911832,19.51,3.52
10-08-2018,1199.63,1203.59,1191.01,1192.89,3615157,12.58,6.74
13-08-2018,1186.3,1188.68,1171.59,1176.55,4712410,17.09,9.75
14-08-2018,1178.83,1205.77,1173.18,1199.23,5349772,32.59,-20.4
16-08-2018,1191.95,1204.58,1184.27,1189.52,6039200,20.31,2.43
17-08-2018,1197.65,1203.99,1188.78,1192.45,3867307,15.21,5.2
20-08-2018,1196.56,1225.19,1196.31,1223.3,7679146,28.88,-26.74
21-08-2018,1225.63,1239.75,1215.48,1235.49,7348647,24.27,-9.86
23-08-2018,1234.6,1262.04,1226.77,1257.53,8043655,35.27,-22.93
24-08-2018,1253.37,1267.93,1248.22,1265.5,6715062,19.71,-12.13
27-08-2018,1267.39,1283.68,1266.74,1279.37,5624998,16.94,-11.98
28-08-2018,1283.83,1310.58,1282.84,1306.61,8777171,27.74,-22.78
29-08-2018,1303.94,1316.52,1278.08,1282.05,11182207,38.44,21.89
30-08-2018,1281.45,1284.97,1258.52,1262.48,9943414,26.45,18.97
31-08-2018,1258.07,1258.07,1224.99,1229.99,15450946,33.08,28.08
03-09-2018,1233.31,1246.09,1214.54,1217.61,12315670,31.55,15.7
04-09-2018,1223.55,1243.02,1217.46,1230.29,8922556,25.56,-6.74
05-09-2018,1230.83,1240.89,1197.15,1215.48,10422796,43.74,15.35
06-09-2018,1218.6,1253.81,1213.84,1249.56,11301165,39.97,-30.96
07-09-2018,1253.02,1269.32,1242.72,1266.59,10794147,26.6,-13.57
10-09-2018,1263.03,1265.01,1238.36,1244.06,7125923,26.65,18.97
11-09-2018,1247.18,1256.49,1222.66,1226.08,10977854,33.83,21.1
12-09-2018,1240.05,1246.88,1217.31,1240.74,8142009,29.57,-0.69
14-09-2018,1247.57,1263.62,1235.93,1241.38,7953267,27.69,6.19
17-09-2018,1239.01,1239.01,1210.13,1214.39,6818110,28.88,24.62
18-09-2018,1214.49,1227.76,1202.95,1205.72,7688610,24.81,8.77
19-09-2018,1212.51,1212.51,1189.72,1199.38,11372578,22.79,13.13
21-09-2018,1207.55,1225.78,1172.39,1206.07,19250944,53.39,1.48
24-09-2018,1203.05,1228.26,1193.19,1220.48,10198355,35.07,-17.43
25-09-2018,1223.9,1233.31,1183.78,1219.04,9807112,49.53,4.86
26-09-2018,1227.37,1242.18,1215.63,1239.65,6457466,26.55,-12.28
27-09-2018,1243.22,1251.14,1225.88,1241.98,10911209,25.26,1.24
28-09-2018,1248.07,1259.76,1235.59,1246.14,11177988,24.17,1.93
01-10-2018,1245.89,1245.89,1192.69,1220.13,7402202,53.2,25.76
03-10-2018,1217.95,1227.96,1188.78,1193.78,7446500,39.18,24.17
04-10-2018,1178.33,1179.22,1095.61,1111.71,23432481,83.61,66.62
05-10-2018,1089.18,1104.83,1028.4,1039,22151197,76.43,50.18
08-10-2018,1040.14,1106.51,1015.92,1098.98,24913372,90.59,-58.84
09-10-2018,1111.12,1112.75,1071.05,1079.81,11095385,41.7,31.31
10-10-2018,1083.63,1105.37,1074.12,1091.75,9592250,31.25,-8.12
11-10-2018,1054.01,1104.28,1033.21,1077.59,13349528,71.07,-23.58
12-10-2018,1094.57,1118.4,1091.55,1115.97,9144405,26.85,-21.4
15-10-2018,1119.29,1136.13,1107.65,1129.05,8955874,28.48,-9.76
16-10-2018,1135.24,1156.44,1129.3,1152.87,7549493,27.14,-17.63
17-10-2018,1167.93,1168.28,1129.3,1140.49,12906845,38.98,27.44
19-10-2018,1089.67,1100.57,1060.2,1090.96,25662205,40.37,-1.29
22-10-2018,1099.58,1104.33,1047.42,1052.67,13290343,56.91,46.91
23-10-2018,1042.86,1054.7,1033.85,1044.8,10673962,20.85,-1.94
24-10-2018,1064.81,1065.85,1021.71,1035.93,13784780,44.14,28.88
25-10-2018,1026.27,1030.88,1006.86,1021.12,14229860,24.02,5.15
26-10-2018,1023.2,1047.07,1012.4,1035.09,9269658,34.67,-11.89
29-10-2018,1036.18,1083.58,1036.18,1077.59,7744531,47.4,-41.41
30-10-2018,1075.31,1075.31,1042.22,1047.07,8890183,33.09,28.24
31-10-2018,1049.06,1055.84,1037.17,1051.28,16613699,18.67,-2.22
01-11-2018,1057.87,1057.87,1040.14,1046.33,9485095,17.73,11.54
02-11-2018,1056.98,1070.85,1053.17,1064.81,16955417,17.68,-7.83
05-11-2018,1063.37,1082.44,1055,1080.06,7654395,27.44,-16.69
06-11-2018,1083.73,1101.56,1081.35,1093.73,8716113,20.21,-10
07-11-2018,1104.53,1104.53,1096.31,1100.27,1296168,8.22,4.26
09-11-2018,1095.86,1103.34,1074.81,1083.18,10943222,28.53,12.68
12-11-2018,1087.39,1088.48,1064.46,1069.86,5856716,24.02,17.53
13-11-2018,1063.91,1092.64,1060,1089.13,6876167,32.64,-25.22
14-11-2018,1094.67,1102.2,1075.31,1087.64,7861351,26.89,7.03
15-11-2018,1086.65,1092.64,1076.3,1086.55,6896500,16.34,0.1
16-11-2018,1087.64,1119.34,1086.8,1116.81,11136464,32.54,-29.17
19-11-2018,1122.26,1140.89,1120.38,1139.2,7378265,20.51,-16.94
20-11-2018,1134.25,1145.05,1119.39,1126.72,5774122,25.66,7.53
21-11-2018,1126.82,1134.74,1096.65,1102.45,7578981,38.09,24.37
22-11-2018,1104.03,1114.78,1089.77,1092.49,5847478,25.01,11.54
26-11-2018,1098.59,1107.01,1087.1,1099.33,6447096,19.91,-0.74
27-11-2018,1097.5,1119.39,1095.07,1117.61,6874784,24.32,-20.11
28-11-2018,1121.82,1146.88,1115.72,1141.83,8079836,31.16,-20.01
29-11-2018,1150.1,1168.82,1149.11,1157.53,12755951,19.71,-7.43
30-11-2018,1161.29,1174.86,1151.39,1156.59,10819042,23.47,4.7
03-12-2018,1163.87,1163.87,1137.72,1145.59,5622374,26.15,18.28
04-12-2018,1147.13,1147.13,1131.47,1141.48,5242050,15.66,5.65
05-12-2018,1133.01,1147.92,1128.6,1144.3,5874784,19.32,-11.29
06-12-2018,1138.21,1138.21,1107.75,1113.1,5921715,30.46,25.11
07-12-2018,1118.84,1126.27,1097.94,1123.15,7282463,28.33,-4.31
10-12-2018,1099.58,1103.84,1072.93,1080.01,9470475,30.91,19.57
11-12-2018,1055.99,1091.75,1045.09,1087.24,13622585,46.66,-31.25
12-12-2018,1088.68,1103.04,1077.54,1100.07,12724922,25.5,-11.39
13-12-2018,1117.41,1117.41,1084.77,1096.65,9385652,32.64,20.76
14-12-2018,1092.74,1104.43,1081.55,1101.76,7289777,22.88,-9.02
17-12-2018,1105.47,1122.36,1101.06,1119.29,5112364,21.3,-13.82
18-12-2018,1112.75,1128.3,1109.98,1125.73,5926580,18.32,-12.98
19-12-2018,1130.78,1136.53,1122.56,1126.13,7438650,13.97,4.65
20-12-2018,1110.47,1121.87,1105.67,1117.85,5819377,16.2,-7.38
21-12-2018,1114.44,1120.63,1085.71,1089.87,8360448,34.92,24.57
24-12-2018,1090.56,1092.84,1076.35,1078.92,4183822,16.49,11.64
26-12-2018,1075.6,1089.67,1055.64,1088.04,7278406,34.03,-12.44
27-12-2018,1096.8,1116.42,1093.63,1109.68,12596283,22.79,-12.88
28-12-2018,1114.93,1124.59,1110.67,1114.98,7738685,13.92,-0.05
31-12-2018,1120.33,1123.2,1105.72,1110.72,7291284,17.48,9.61
01-01-2019,1114.68,1116.71,1099.68,1110.47,4498088,17.03,4.21
02-01-2019,1104.03,1116.42,1090.66,1096.01,7212700,25.76,8.02
03-01-2019,1097.1,1104.13,1079.86,1082.49,7517044,24.27,14.61
04-01-2019,1087.1,1094.08,1070.95,1088.33,8545385,23.13,-1.23
07-01-2019,1096.6,1107.95,1090.66,1094.38,5565824,17.29,2.22
08-01-2019,1094.72,1099.53,1085.71,1094.28,5678476,13.82,0.44
09-01-2019,1101.56,1106.51,1088.38,1100.32,5821470,18.13,1.24
10-01-2019,1097.35,1100.57,1092.64,1097.1,4118961,7.93,0.25
11-01-2019,1097.2,1103.34,1078.38,1087.74,6525176,24.96,9.46
14-01-2019,1084.72,1090.17,1076.2,1086.5,4150759,13.97,-1.78
15-01-2019,1094.62,1121.37,1094.62,1119.04,10158264,26.75,-24.42
16-01-2019,1124.34,1134.25,1119.74,1125.23,6443281,14.51,-0.89
17-01-2019,1133.7,1137.12,1119.39,1123.8,7558944,17.73,9.9
18-01-2019,1138.01,1178.73,1124.59,1173.23,25927610,54.14,-35.22
21-01-2019,1182.79,1228.31,1177.49,1226.08,22247445,50.82,-43.29
22-01-2019,1221.27,1235.24,1208.15,1223.55,16709729,27.09,-2.28
23-01-2019,1221.72,1232.52,1210.53,1214.78,8913200,21.99,6.94
24-01-2019,1213.5,1241.43,1208.64,1235.74,13279887,32.79,-22.24
25-01-2019,1238.71,1252.82,1223.8,1234.3,8631892,29.02,4.41
28-01-2019,1238.76,1244.16,1210.92,1218,8650496,33.24,20.76
29-01-2019,1219.44,1220.08,1190.07,1199.28,9417297,30.01,20.16
30-01-2019,1203.59,1213.5,1179.92,1184.47,7921324,33.58,19.12
31-01-2019,1190.71,1218.15,1189.72,1215.63,10281897,28.43,-24.92
01-02-2019,1222.41,1243.22,1215.53,1238.21,9316449,27.69,-15.8
04-02-2019,1235.29,1284.77,1230.39,1278.78,11781199,54.38,-43.49
05-02-2019,1279.87,1292.15,1266.59,1279.42,9451155,25.56,0.45
06-02-2019,1284.08,1305.28,1282.1,1297.95,9500801,23.18,-13.87
07-02-2019,1297.95,1308.79,1274.02,1278.28,9299553,34.77,19.67
08-02-2019,1272.74,1288.29,1260.3,1265.7,6567170,27.99,7.04
11-02-2019,1263.92,1264.02,1239.25,1241.48,7595321,24.77,22.44
12-02-2019,1239.75,1260.4,1239.75,1244.6,6460148,20.65,-4.85
13-02-2019,1249.16,1261.99,1224.15,1234.25,7030056,37.84,14.91
14-02-2019,1229.35,1229.35,1206.56,1212.7,6690183,22.79,16.65
15-02-2019,1218.2,1238.16,1202.6,1232.76,9688943,35.56,-14.56
18-02-2019,1238.26,1240.74,1203.59,1208.64,9740483,37.15,29.62
19-02-2019,1206.56,1228.06,1199.83,1204.68,6303380,28.23,1.88
20-02-2019,1212.36,1228.36,1207.55,1222.76,6357882,20.81,-10.4
21-02-2019,1224.39,1245.99,1217.81,1235.19,10680471,28.18,-10.8
22-02-2019,1232.91,1233.61,1214.49,1220.78,8838865,19.12,12.13
25-02-2019,1224.39,1231.33,1209.19,1220.73,7926965,22.14,3.66
26-02-2019,1198.14,1223.2,1194.68,1208.79,10227086,28.52,-10.65
27-02-2019,1216.52,1233.21,1197.65,1212.01,11218528,35.56,4.51
28-02-2019,1222.16,1228.21,1215.03,1219.49,11393908,13.18,2.67
01-03-2019,1225.38,1230.68,1210.77,1214.54,7997613,19.91,10.84
05-03-2019,1211.91,1228.16,1207.16,1226.03,7189016,21,-14.12
06-03-2019,1228.16,1261.15,1223.5,1252.92,12152345,37.65,-24.76
07-03-2019,1252.13,1267.78,1246.34,1258.32,8186129,21.44,-6.19
08-03-2019,1254.16,1262.48,1250.15,1255.2,6097308,12.33,-1.04
11-03-2019,1258.12,1299.68,1256.09,1291.85,9810968,43.59,-33.73
12-03-2019,1304.53,1321.47,1301.91,1318.85,11335177,19.56,-14.32
13-03-2019,1324.45,1347.23,1315.63,1334.65,11342558,31.6,-10.2
14-03-2019,1337.08,1349.21,1323.55,1328.95,10500652,25.66,8.13
15-03-2019,1332.37,1346.04,1298.89,1309.24,16043749,47.15,23.13
18-03-2019,1318.5,1345.2,1316.52,1337.37,10201025,28.68,-18.87
19-03-2019,1347.23,1367.04,1330.49,1363.62,9898266,36.55,-16.39
20-03-2019,1364.86,1374.97,1351.19,1362.53,9986600,23.78,2.33
22-03-2019,1359.61,1367.93,1324.15,1329.15,11573794,43.78,30.46
25-03-2019,1318.11,1324.3,1304.34,1312.01,8027372,19.96,6.1
26-03-2019,1317.81,1358.72,1317.51,1354.41,9569145,41.21,-36.6
27-03-2019,1365.01,1365.01,1331.63,1336.58,10189860,33.38,28.43
28-03-2019,1337.57,1356.94,1330.19,1347.23,10582309,26.75,-9.66
29-03-2019,1357.18,1363.92,1342.38,1350.45,7772255,21.54,6.73
01-04-2019,1357.14,1393.59,1349.76,1378.78,10194006,43.83,-21.64
02-04-2019,1384.87,1389.92,1367.14,1376.65,8088590,22.78,8.22
03-04-2019,1379.67,1389.83,1359.12,1362.29,7923869,30.71,17.38
04-04-2019,1366.05,1370.71,1334.6,1340.34,8455070,36.11,25.71
05-04-2019,1348.17,1351.09,1330.39,1341.19,6792018,20.7,6.98
08-04-2019,1343.27,1344.75,1311.27,1316.77,8806271,33.48,26.5
09-04-2019,1316.42,1328.11,1308.6,1321.92,9587652,19.51,-5.5
10-04-2019,1325.39,1335.34,1314.04,1318.9,7684874,21.3,6.49
11-04-2019,1320.43,1340.29,1316.52,1334.15,5795757,23.77,-13.72
12-04-2019,1337.32,1344.16,1324.1,1330.49,5975857,20.06,6.83
15-04-2019,1332.37,1336.28,1322.46,1327.57,4285368,13.82,4.8
16-04-2019,1332.37,1347.23,1327.42,1331.13,8011786,19.81,1.24
18-04-2019,1362.09,1376.7,1352.18,1372.94,18130735,24.52,-10.85
22-04-2019,1347.23,1354.16,1328.7,1332.72,10895056,25.46,14.51
23-04-2019,1335.34,1360.11,1333.36,1351.04,9141138,26.75,-15.7
24-04-2019,1357.43,1381.7,1353.42,1376.45,7430663,28.28,-19.02
25-04-2019,1376.06,1399.14,1349.8,1359.51,14061865,49.34,16.55
26-04-2019,1362.09,1382.84,1357.83,1379.72,6954751,25.01,-17.63
30-04-2019,1383.29,1383.29,1353.97,1379.72,10313869,29.32,3.57
02-05-2019,1378.93,1400.62,1369.12,1391.86,8764809,31.5,-12.93
03-05-2019,1394.73,1404.19,1389.48,1395.62,6571881,14.71,-0.89
06-05-2019,1384.87,1389.63,1365.16,1371.9,7306521,24.47,12.97
07-05-2019,1381.7,1381.9,1327.62,1330.88,8961244,54.28,50.82
08-05-2019,1327.42,1327.42,1280.07,1287.25,14749041,47.35,40.17
09-05-2019,1276.7,1276.7,1240,1244.65,19692285,36.7,32.05
10-05-2019,1253.12,1265.7,1233.31,1239.4,11333254,32.39,13.72
13-05-2019,1236.18,1248.96,1215.97,1220.48,8124089,32.99,15.7
14-05-2019,1224.89,1257.43,1219.94,1248.61,13124245,37.49,-23.72
15-05-2019,1261.05,1266,1238.86,1245.1,11269626,27.14,15.95
16-05-2019,1248.12,1259.96,1246.29,1253.47,6669279,13.67,-5.35
17-05-2019,1255.1,1264.96,1240.24,1255.5,7973312,24.72,-0.4
20-05-2019,1301.26,1325.14,1291.26,1313.45,12450854,33.88,-12.19
21-05-2019,1319.69,1354.16,1317.56,1327.22,14003553,36.6,-7.53
22-05-2019,1333.01,1346.93,1322.56,1327.81,11394397,24.37,5.2
23-05-2019,1359.12,1378.93,1312.56,1321.37,17890512,66.37,37.75
24-05-2019,1335.34,1341.09,1304.14,1324.3,10277266,36.95,11.04
27-05-2019,1324.54,1324.94,1294.73,1298.34,7419390,30.21,26.2
28-05-2019,1307.41,1322.27,1301.02,1311.32,19657247,21.25,-3.91
29-05-2019,1308.6,1320.78,1291.9,1300.72,7180255,28.88,7.88
30-05-2019,1303.89,1329.4,1303.89,1317.26,10842657,25.51,-13.37
31-05-2019,1325.34,1329.3,1307.8,1317.66,11871657,21.5,7.68
03-06-2019,1322.46,1354.41,1308.79,1347.43,8564029,45.62,-24.97
04-06-2019,1344.7,1361.35,1335.44,1338.96,7126834,25.91,5.74
06-06-2019,1349.11,1349.11,1308.69,1314.89,7736972,40.42,34.22
07-06-2019,1313.5,1314.79,1293.34,1302.55,6794397,21.45,10.95
10-06-2019,1308.5,1314.54,1297.8,1306.76,5431148,16.74,1.74
11-06-2019,1309.44,1321.97,1305.62,1316.67,5303592,16.35,-7.23
12-06-2019,1322.17,1325.83,1312.56,1319.64,4752342,13.27,2.53
13-06-2019,1317.51,1322.17,1296.36,1314.79,7239167,25.81,2.72
14-06-2019,1309.49,1312.56,1297.1,1305.18,6896087,15.46,4.31
17-06-2019,1307.6,1307.6,1266.49,1270.26,6880161,41.11,37.34
18-06-2019,1266.89,1275.86,1257.18,1268.97,7751987,18.68,-2.08
19-06-2019,1274.82,1289.77,1250.74,1265.36,6688410,39.03,9.46
20-06-2019,1267.98,1287.79,1266,1284.57,4960594,21.79,-16.59
21-06-2019,1283.78,1283.83,1263.57,1267.49,10723798,20.26,16.29
24-06-2019,1260.2,1264.46,1245.3,1250.55,5199826,19.16,9.65
25-06-2019,1247.08,1285.81,1242.47,1283.68,6907224,43.34,-36.6
26-06-2019,1278.88,1292.35,1274.27,1282,5350182,18.08,-3.12
27-06-2019,1281.01,1284.72,1259.06,1262.19,11493903,25.66,18.82
28-06-2019,1265.11,1270.8,1236.92,1241.33,8741809,33.88,23.78
01-07-2019,1246.24,1260.7,1234.75,1256.94,6220492,25.95,-10.7
02-07-2019,1261.99,1268.97,1251.44,1266.49,4682723,17.53,-4.5
03-07-2019,1270.85,1274.42,1263.08,1270.51,4064196,11.34,0.34
04-07-2019,1269.37,1278.88,1267.98,1271.94,4315674,10.9,-2.57
05-07-2019,1273.03,1278.38,1248.17,1251.49,5042697,30.21,21.54
08-07-2019,1246.19,1256.19,1236.48,1240.29,6465255,19.71,5.9
09-07-2019,1237.22,1271.45,1233.8,1268.08,8092750,37.65,-30.86
10-07-2019,1268.03,1277.24,1256.79,1266.84,5546397,20.45,1.19
11-07-2019,1274.91,1277.69,1267.29,1269.52,3972766,10.4,5.39
12-07-2019,1270.95,1287.79,1266.05,1268.48,7242059,21.74,2.47
15-07-2019,1272.93,1277.39,1258.42,1264.12,4919358,18.97,8.81
16-07-2019,1267.93,1282.74,1265.06,1280.86,4647662,17.68,-12.93
17-07-2019,1282.15,1284.82,1267.98,1269.81,4376050,16.84,12.34
18-07-2019,1269.96,1274.32,1246.19,1250,5511652,28.13,19.96
19-07-2019,1256.29,1261,1231.03,1237.27,7539312,29.97,19.02
22-07-2019,1239.25,1272.44,1215.78,1268.48,13426230,56.66,-29.23
23-07-2019,1272.93,1281.75,1248.56,1261.59,9375995,33.19,11.34
24-07-2019,1261.54,1266.79,1241.78,1247.28,7009806,25.01,14.26
25-07-2019,1252.13,1257.13,1215.48,1219.94,10063040,41.65,32.19
26-07-2019,1219.94,1230.83,1198.64,1202.4,9408833,32.19,17.54
29-07-2019,1205.47,1210.53,1193.78,1199.58,8134420,16.75,5.89
30-07-2019,1202.55,1208.54,1164.91,1169.81,9623714,43.63,32.74
31-07-2019,1164.71,1173.87,1151.48,1155.3,9797622,22.39,9.41
01-08-2019,1152.48,1177.04,1139.55,1169.17,10442924,37.49,-16.69
02-08-2019,1164.66,1187,1151.19,1173.23,10968382,35.81,-8.57
05-08-2019,1156.04,1156.04,1117.41,1132.61,14029200,38.63,23.43
06-08-2019,1124.09,1138.8,1111.46,1117.7,13414879,27.34,6.39
07-08-2019,1115.92,1127.86,1092.74,1098.98,11698734,35.12,16.94
08-08-2019,1097.94,1147.13,1085.01,1141.53,14398139,62.12,-43.59
09-08-2019,1150.94,1164.46,1141.48,1151.19,10139159,22.98,-0.25
13-08-2019,1221.57,1290.57,1214.49,1262.78,48377726,76.08,-41.21
14-08-2019,1291.76,1292.2,1268.33,1276.15,14624465,23.87,15.61
16-08-2019,1279.08,1279.67,1261.05,1266,10142740,18.62,13.08
19-08-2019,1269.02,1284.62,1267.98,1280.46,7530573,16.64,-11.44
20-08-2019,1277.69,1280.46,1260.65,1263.97,6908331,19.81,13.72
21-08-2019,1263.67,1266.64,1254.61,1259.02,4927827,12.03,4.65
22-08-2019,1259.02,1259.06,1227.27,1235.04,6475746,31.79,23.98
23-08-2019,1227.37,1271.94,1214.98,1263.87,9833603,56.96,-36.5
26-08-2019,1281.85,1281.85,1247.18,1254.9,8861956,34.67,26.95
27-08-2019,1272.93,1272.93,1249.36,1262.88,13107479,23.57,10.05
28-08-2019,1261.79,1268.97,1244.26,1251.44,5355933,24.71,10.35
29-08-2019,1244.65,1248.42,1223.7,1230.09,8717837,24.72,14.56
30-08-2019,1233.8,1242.62,1209.53,1236.83,11415313,33.09,-3.03
03-09-2019,1230.58,1231.33,1188.73,1195.07,8644181,42.6,35.51
04-09-2019,1189.28,1193.93,1174.91,1189.87,15206146,19.02,-0.59
05-09-2019,1195.47,1201.81,1182.09,1187.34,10612417,19.72,8.13
06-09-2019,1191.7,1217.46,1184.03,1211.02,10700717,33.43,-19.32
09-09-2019,1209.19,1221.42,1201.76,1210.72,5421669,19.66,-1.53
11-09-2019,1211.02,1228.36,1211.02,1222.81,5597026,17.34,-11.79
12-09-2019,1223.4,1228.8,1194.38,1198.98,5482623,34.42,24.42
13-09-2019,1200.62,1216.96,1195.57,1214.09,5975371,21.39,-13.47
16-09-2019,1177.83,1207.65,1174.96,1199.38,9482777,32.69,-21.55
17-09-2019,1199.63,1199.63,1182.29,1186.21,7218216,17.34,13.42
18-09-2019,1193.64,1204.88,1185.96,1194.38,6891999,18.92,-0.74
19-09-2019,1196.51,1198.34,1161.64,1167.98,6353112,36.7,28.53
20-09-2019,1176.79,1257.98,1163.27,1242.57,22228406,94.71,-65.78
23-09-2019,1262.19,1268.97,1223.4,1227.56,9973404,45.57,34.63
24-09-2019,1231.92,1286.6,1231.08,1266.69,16133566,55.52,-34.77
25-09-2019,1271.94,1282.84,1256.94,1267.53,8395733,25.9,4.41
26-09-2019,1279.87,1286.6,1271.45,1284.62,8468736,15.15,-4.75
27-09-2019,1280.36,1302.65,1271.94,1296.76,8795573,30.71,-16.4
30-09-2019,1297.7,1323.21,1293.29,1319.74,11659230,29.92,-22.04
01-10-2019,1324.45,1329.4,1281.16,1292.65,8270257,48.24,31.8
03-10-2019,1273.92,1302.35,1269.27,1298.74,6241719,33.08,-24.82
04-10-2019,1307.51,1316.12,1291.61,1295.82,6918925,24.51,11.69
07-10-2019,1295.82,1308.4,1289.48,1297.8,4643421,18.92,-1.98
09-10-2019,1296.41,1317.46,1280.36,1312.31,8117161,37.1,-15.9
10-10-2019,1312.56,1356.14,1308.6,1349.95,16155449,47.54,-37.39
11-10-2019,1350.89,1352.78,1324,1339.9,7659574,28.78,10.99
14-10-2019,1352.13,1352.13,1338.17,1345.25,6181458,13.96,6.88
15-10-2019,1349.71,1357.14,1341.58,1351.34,4463993,15.56,-1.63
16-10-2019,1357.04,1366.69,1350.89,1359.46,8954789,15.8,-2.42
17-10-2019,1362.09,1385.86,1359.12,1383.39,7401971,26.74,-21.3
18-10-2019,1390.82,1414.49,1385.57,1403.05,12978280,28.92,-12.23
22-10-2019,1411.62,1423.36,1390.17,1400.87,12823470,33.19,10.75
23-10-2019,1403,1412.56,1370.16,1379.32,8512903,42.4,23.68
24-10-2019,1387.84,1427.86,1373.53,1422.96,10449508,54.33,-35.12
25-10-2019,1427.57,1427.91,1398,1417.76,6248690,29.91,9.81
27-10-2019,1427.47,1431.43,1416.57,1420.78,1391378,14.86,6.69
29-10-2019,1431.93,1466.1,1428.56,1453.27,11892165,37.54,-21.34
30-10-2019,1466.1,1470.61,1446.59,1465.21,7541540,24.02,0.89
31-10-2019,1470.06,1475.66,1447.97,1450.6,8982517,27.69,19.46
01-11-2019,1441.34,1448.07,1427.47,1443.22,6416835,20.6,-1.88
04-11-2019,1452.13,1457.19,1431.53,1443.96,6490275,25.66,8.17
05-11-2019,1449.36,1455.16,1427.47,1433.71,5854292,27.69,15.65
06-11-2019,1429.15,1432.87,1415.09,1421.43,6749671,17.78,7.72
07-11-2019,1421.52,1449.26,1418.75,1444.9,6499784,30.51,-23.38
08-11-2019,1435.39,1445.94,1427.77,1431.93,5546931,18.17,3.46
11-11-2019,1425.59,1430.69,1409.19,1414.39,5241644,21.5,11.2
13-11-2019,1416.57,1462.04,1416.57,1458.47,11641683,45.47,-41.9
14-11-2019,1462.14,1467.69,1442.13,1449.01,6580128,25.56,13.13
15-11-2019,1451.89,1472.84,1449.41,1457.04,7241676,23.43,-5.15
18-11-2019,1458.82,1472.05,1441.73,1445.5,6496097,30.32,13.32
19-11-2019,1453.22,1500.67,1451.24,1495.57,13926342,49.43,-42.35
20-11-2019,1540.45,1557.63,1528.71,1533.12,20092842,28.92,7.33
21-11-2019,1530.49,1541.39,1514.2,1523.16,6875137,27.19,7.33
22-11-2019,1527.62,1554.76,1523.16,1531.98,10315847,31.6,-4.36
25-11-2019,1536.58,1550.11,1536.44,1546.89,6989951,13.67,-10.31
26-11-2019,1553.38,1561.55,1541.39,1545.6,16305248,20.16,7.78
27-11-2019,1545.3,1560.71,1541.49,1555.11,4450124,19.22,-9.81
28-11-2019,1557.88,1569.27,1549.26,1565.46,6344461,20.01,-7.58
29-11-2019,1567.09,1567.09,1533.32,1536.58,8565252,33.77,30.51
02-12-2019,1584.98,1599.29,1562.19,1571.6,14410505,37.1,13.38
03-12-2019,1577.79,1579.03,1557.83,1564.07,5995082,21.2,13.72
04-12-2019,1558.23,1562.69,1519.35,1538.12,9685781,43.34,20.11
05-12-2019,1559.22,1564.92,1529.5,1536.29,9203445,35.42,22.93
06-12-2019,1538.42,1553.28,1526.63,1540.3,6038836,26.65,-1.88
09-12-2019,1541.54,1562.59,1531.98,1557.83,5834596,30.61,-16.29
10-12-2019,1557.29,1558.82,1539.56,1547.28,4694993,19.26,10.01
11-12-2019,1540.99,1559.71,1536.04,1547.73,5706282,23.67,-6.74
12-12-2019,1555.5,1559.07,1542.03,1553.47,4765729,17.04,2.03
13-12-2019,1565.16,1575.07,1557.63,1568.04,5846422,17.44,-2.88
16-12-2019,1577.05,1578.93,1549.66,1551.89,5488490,29.27,25.16
17-12-2019,1552.04,1564.17,1540.94,1548.03,9379803,23.23,4.01
18-12-2019,1548.32,1565.16,1547.33,1561.05,6803469,17.83,-12.73
19-12-2019,1558.92,1599.74,1557.04,1594.83,9464357,42.7,-35.91
20-12-2019,1599.83,1602.36,1581.11,1584.08,9816802,21.25,15.75
23-12-2019,1545.45,1562.74,1543.17,1556.64,11587237,19.57,-11.19
24-12-2019,1554.17,1557.29,1528.02,1531.93,8329359,29.27,22.24
26-12-2019,1527.17,1538.37,1495.97,1501.17,13734710,42.4,26
27-12-2019,1512.66,1531.68,1507.01,1527.87,8158199,24.67,-15.21
30-12-2019,1531.43,1533.12,1513.7,1529.7,7902610,19.42,1.73
31-12-2019,1527.52,1529.2,1493.89,1499.83,10246687,35.31,27.69
01-01-2020,1503.75,1512.76,1491.36,1495.42,6463062,21.4,8.33
02-01-2020,1497.8,1526.48,1497.8,1520.88,8173311,28.68,-23.08
03-01-2020,1518.6,1527.17,1508.7,1522.72,9684438,18.47,-4.12
06-01-2020,1505.73,1513.55,1483.93,1487.4,11315600,29.62,18.33
07-01-2020,1504.74,1520.09,1499.29,1510.28,7699492,20.8,-5.54
08-01-2020,1500.77,1520.04,1495.82,1498.94,7406107,24.22,1.83
09-01-2020,1524.15,1535.45,1516.87,1533.46,6914536,18.58,-9.31
10-01-2020,1537.33,1543.32,1525.19,1533.12,5758763,18.13,4.21
13-01-2020,1530.54,1544.06,1523.95,1529.2,8437319,20.11,1.34
14-01-2020,1525.54,1535.45,1507.56,1515.04,7299331,27.89,10.5
15-01-2020,1521.43,1525.44,1503.99,1509.54,7299942,21.45,11.89
16-01-2020,1514.64,1528.86,1513.65,1523.46,5929340,15.21,-8.82
17-01-2020,1538.91,1570.07,1538.61,1566.15,13597392,31.46,-27.24
20-01-2020,1593.89,1593.89,1512.07,1517.96,15019910,81.82,75.93
21-01-2020,1514.25,1531.33,1507.71,1519.5,8732835,23.62,-5.25
22-01-2020,1529.5,1532.23,1516.72,1518.95,4763980,15.51,10.55
23-01-2020,1522.07,1527.47,1506.42,1512.51,5190832,21.05,9.56
24-01-2020,1512.66,1521.92,1504.29,1507.26,6751027,17.63,5.4
27-01-2020,1500.67,1510.13,1490.87,1492.4,6178447,19.26,8.27
28-01-2020,1494.43,1495.82,1449.86,1457.93,11321627,45.96,36.5
29-01-2020,1460.21,1480.37,1450.3,1465.95,11420539,30.07,-5.74
30-01-2020,1465.11,1465.81,1426.48,1430.19,10338841,39.33,34.92
31-01-2020,1439.36,1439.6,1393.99,1398.39,16037268,45.61,40.97
01-02-2020,1392.1,1413.55,1358.22,1370.36,11127391,55.33,21.74
03-02-2020,1357.04,1386.8,1350.25,1372.49,14173722,36.55,-15.45
04-02-2020,1386.85,1419.05,1384.67,1413.01,11714670,34.38,-26.16
05-02-2020,1421.43,1439.16,1416.87,1434.9,8524874,22.29,-13.47
06-02-2020,1440.45,1453.22,1426.58,1444.11,7171053,26.64,-3.66
07-02-2020,1437.37,1438.71,1414.89,1420.19,5634551,23.82,17.18
10-02-2020,1414.59,1431.93,1397.21,1422.12,6988253,34.72,-7.53
11-02-2020,1433.81,1452.43,1431.48,1439.11,6460915,20.95,-5.3
12-02-2020,1442.48,1461,1441.34,1456.49,6245740,19.66,-14.01
13-02-2020,1463.87,1463.87,1448.87,1460.31,6260552,15,3.56
14-02-2020,1463.38,1487.35,1439.45,1473.63,9796649,47.9,-10.25
17-02-2020,1475.02,1492.01,1460.46,1464.37,6068323,31.55,10.65
18-02-2020,1462.04,1462.04,1443.71,1453.62,5135185,18.33,8.42
19-02-2020,1465.46,1492.3,1461.25,1489.68,6499955,31.05,-24.22
20-02-2020,1482.94,1493.84,1469.87,1472,7795782,23.97,10.94
24-02-2020,1455.95,1463.13,1426.03,1431.38,9862354,37.1,24.57
25-02-2020,1437.77,1437.77,1396.76,1403.1,12804346,41.01,34.67
26-02-2020,1396.76,1399.09,1374.32,1378.93,13550908,24.77,17.83
27-02-2020,1374.97,1380.71,1356.14,1373.23,11562879,24.57,1.74
28-02-2020,1342.18,1344.26,1312.56,1316.17,18144227,31.7,26.01
02-03-2020,1342.38,1356.14,1288.88,1303.79,13614478,67.26,38.59
03-03-2020,1317.21,1341.19,1309.59,1330.24,12644545,31.6,-13.03
04-03-2020,1339.3,1341.09,1295.62,1327.12,10201578,45.47,12.18
05-03-2020,1339.5,1345.2,1293.74,1298.84,14080545,51.46,40.66
06-03-2020,1258.07,1276.05,1229.45,1259.06,15568259,46.6,-0.99
09-03-2020,1228.41,1229.35,1084.72,1103.69,40699994,144.63,124.72
11-03-2020,1097.6,1167.38,1097.6,1142.72,27495821,69.78,-45.12
12-03-2020,1074.81,1090.66,1038.85,1053.02,25830729,51.81,21.79
13-03-2020,988.63,1129.3,933.55,1094.92,33827407,195.75,-106.29
16-03-2020,1050.59,1069.56,995.56,1006.16,17761515,74,44.43
17-03-2020,1037.42,1050.05,993.78,998.53,20974398,56.27,38.89
18-03-2020,1015.67,1026.17,951.98,959.41,20644354,74.19,56.26
19-03-2020,911.46,957.92,883.82,909.08,28338166,74.1,2.38
20-03-2020,930.68,1025.18,921.27,1008.39,29242119,103.91,-77.71
23-03-2020,907.6,941.08,867.43,875.75,18769969,73.65,31.85
24-03-2020,921.27,960.89,887.39,934.54,21117623,73.5,-13.27
25-03-2020,954.75,1140.74,954.2,1072.09,33750050,186.54,-117.34
26-03-2020,1085.51,1106.41,1032.56,1056.19,21111175,73.85,29.32
27-03-2020,1084.72,1096.9,1036.38,1055.59,19225174,60.52,29.13
30-03-2020,1030.83,1064.71,1010.42,1020.77,13951293,54.29,10.06
31-03-2020,1063.87,1119.19,1038.16,1103.29,20441865,81.03,-39.42
01-04-2020,1111.71,1114.04,1035.39,1070.3,19197368,78.65,41.41
03-04-2020,1123.8,1123.8,1046.38,1067.33,19091318,77.42,56.47
07-04-2020,1091.75,1202.6,1089.67,1194.77,25094704,112.93,-103.02
08-04-2020,1168.92,1217.46,1149.11,1180.96,23019938,68.35,-12.04
09-04-2020,1202.6,1221.22,1181.8,1208.49,15244865,39.42,-5.89
13-04-2020,1192.64,1203.59,1168.92,1177.98,10925465,34.67,14.66
15-04-2020,1185.81,1224.39,1132.27,1139.05,16301031,92.12,46.76
16-04-2020,1139.05,1176.3,1134.25,1157.08,17285853,42.05,-18.03
17-04-2020,1204.58,1218.45,1181.45,1212.51,15353885,37,-7.93
20-04-2020,1214.49,1245.2,1190.71,1232.12,16628486,54.49,-17.63
21-04-2020,1198.64,1240.24,1153.07,1225.73,28323674,87.17,-27.09
22-04-2020,1307.6,1371.9,1287.79,1350.8,65849239,84.11,-43.2
23-04-2020,1354.51,1372.84,1340.59,1358.03,30212032,32.25,-3.52
24-04-2020,1337.47,1480.91,1334.55,1403.69,62296371,146.36,-66.22
27-04-2020,1420.53,1461.15,1409.64,1416.32,26989956,51.51,4.21
28-04-2020,1436.38,1441.78,1379.08,1414.74,36206370,62.7,21.64
29-04-2020,1431.33,1440,1406.67,1413.55,17304030,33.33,17.78
30-04-2020,1440.3,1480.91,1424.55,1452.23,32927097,56.36,-11.93
04-05-2020,1426.48,1451.24,1404.14,1421.72,24670908,47.1,4.76
05-05-2020,1440.05,1465.11,1433.61,1446.93,20723304,31.5,-6.88
06-05-2020,1450.25,1471.01,1431.93,1447.03,18685769,39.08,3.22
07-05-2020,1441.34,1499.44,1431.43,1492.8,23088336,68.01,-51.46
08-05-2020,1530.49,1565.06,1522.67,1547.13,38887551,42.39,-16.64
11-05-2020,1565.16,1599.83,1557.54,1561.99,30961139,42.29,3.17
12-05-2020,1550.11,1553.62,1451.24,1465.36,46465444,102.38,84.75
13-05-2020,1527,1527,1454,1496.45,30658051,73,30.55
14-05-2020,1469,1496.7,1430.05,1435.95,22736714,66.65,33.05
15-05-2020,1444,1466.7,1415.1,1459.4,28683432,51.6,-15.4
18-05-2020,1470,1482,1428,1440.75,28981620,54,29.25
19-05-2020,1457,1461.7,1403.25,1408.9,19529216,58.45,48.1
20-05-2020,1410,1446.85,1393,1433.7,25530692,53.85,-23.7
21-05-2020,1435,1461.45,1425,1441.25,18077196,36.45,-6.25
22-05-2020,1451.8,1458,1426.5,1431.55,17458503,31.5,20.25
26-05-2020,1448.15,1449.7,1416.3,1424.05,15330793,33.4,24.1
27-05-2020,1431,1454,1412,1445.55,16460764,42,-14.55
28-05-2020,1455,1479.75,1449,1472.25,18519252,30.75,-17.25
29-05-2020,1468,1472,1452.65,1464.4,18471770,19.35,3.6
01-06-2020,1480,1538.35,1475.95,1520.35,18434065,62.4,-40.35
02-06-2020,1526,1540,1520.8,1535.7,10224102,19.2,-9.7
03-06-2020,1545,1560,1533.35,1541.65,11713666,26.65,3.35
04-06-2020,1544,1589.5,1541,1579.8,15784612,48.5,-35.8
05-06-2020,1595,1618,1573.7,1581.7,15270435,44.3,13.3
08-06-2020,1618.4,1618.4,1565,1569.5,14498055,53.4,48.9
09-06-2020,1560.3,1583,1533,1537.15,11934073,50,23.15
10-06-2020,1543.1,1579.55,1540.05,1572.15,10214426,39.5,-29.05
11-06-2020,1566,1567.95,1531,1537.7,9408283,36.95,28.3
12-06-2020,1500,1593,1497,1588.8,17790565,96,-88.8
15-06-2020,1565,1626.95,1561.1,1614.55,24509162,65.85,-49.55
16-06-2020,1643,1648.55,1585.3,1617.7,23623299,63.25,25.3
17-06-2020,1608.25,1635.45,1602.1,1615.35,19282519,33.35,-7.1
18-06-2020,1607,1665,1605.6,1655.9,18677694,59.4,-48.9
19-06-2020,1670,1788.8,1662,1759.4,48828852,126.8,-89.4
22-06-2020,1773.4,1804.2,1735,1746.15,27781772,69.2,27.25
23-06-2020,1750,1763.75,1716.1,1720.9,17521196,47.65,29.1
24-06-2020,1735.9,1772.7,1711.7,1727.85,23808524,61,8.05
25-06-2020,1727,1749,1713.05,1717.9,18312705,35.95,9.1
26-06-2020,1728.8,1752,1717,1741.65,14270695,35,-12.85
29-06-2020,1728.05,1739.75,1715.55,1723.15,11825126,24.2,4.9
30-06-2020,1737,1741,1695.55,1704.1,13973038,45.45,32.9
01-07-2020,1720,1749,1708.05,1737.6,13136706,40.95,-17.6
02-07-2020,1743,1767.6,1735.05,1760.35,13286760,32.55,-17.35
03-07-2020,1779.8,1793,1768,1787.9,13584004,25,-8.1
06-07-2020,1805,1858,1792.1,1851.8,21698149,65.9,-46.8
07-07-2020,1860,1864.35,1806.3,1823.45,16240102,58.05,36.55
08-07-2020,1824.05,1834.95,1790,1798,12093523,44.95,26.05
09-07-2020,1809,1835,1786.25,1824.25,16807403,48.75,-15.25
10-07-2020,1828.5,1884.6,1824.25,1878.05,20195490,60.35,-49.55
13-07-2020,1903.35,1947.7,1900,1935,32124397,47.7,-31.65
14-07-2020,1934,1941.7,1887.3,1917,31073591,54.4,17
15-07-2020,1937.95,1978.8,1798,1844,64458598,180.8,93.95
16-07-2020,1847,1869,1812.45,1843.4,28133993,56.55,3.6
17-07-2020,1845,1920,1838,1911.7,22949535,82,-66.7
20-07-2020,1917.8,1932,1899.65,1919.9,16887752,32.35,-2.1
21-07-2020,1939,1977,1936.5,1971.55,19463498,40.5,-32.55
22-07-2020,1983,2010,1960.7,2004,27584769,49.3,-21
23-07-2020,2003.95,2079.7,1991.35,2057.8,26921058,88.35,-53.85
24-07-2020,2058,2163,2057.8,2146.15,55656793,105.2,-88.15
27-07-2020,2178.8,2198.8,2127.9,2156.2,37060949,70.9,22.6
28-07-2020,2156.2,2194,2150.65,2177.7,25435618,43.35,-21.5
29-07-2020,2177.9,2182.8,2070.45,2096.65,33536361,112.35,81.25
30-07-2020,2099,2139.7,2072,2108.85,33624516,67.7,-9.85
31-07-2020,2114.5,2129,2052.8,2067.1,34593375,76.2,47.4
03-08-2020,2051.3,2057,2003.1,2009,21560137,53.9,42.3
04-08-2020,2020.6,2167,2000.25,2150.6,42477225,166.75,-130
05-08-2020,2169,2196,2118.3,2126.45,34405886,77.7,42.55
06-08-2020,2157,2167.7,2107.8,2134.1,22762726,59.9,22.9
07-08-2020,2129.8,2157.8,2120.2,2146.45,15222384,37.6,-16.65
10-08-2020,2159.1,2165,2108.1,2119.85,12441939,56.9,39.25
11-08-2020,2134.8,2160,2100.35,2133.8,21611359,59.65,1
12-08-2020,2121,2145,2106.8,2127.6,13967529,38.2,-6.6
13-08-2020,2128,2138.9,2110,2122.05,11459251,28.9,5.95
14-08-2020,2122.55,2157,2089.25,2113.8,15333759,67.75,8.75
17-08-2020,2105,2105,2070.1,2091.35,14297224,34.9,13.65
18-08-2020,2085,2134.3,2082.35,2118.55,14097932,51.95,-33.55
19-08-2020,2141,2154,2121.35,2131.55,15731409,32.65,9.45
20-08-2020,2120,2123.9,2088,2097.05,10402292,35.9,22.95
21-08-2020,2118,2122,2077,2081.85,11667281,45,36.15
24-08-2020,2091.4,2104.5,2070.5,2095.75,15099030,34,-4.35
25-08-2020,2106,2111.3,2078,2082.1,8947709,33.3,23.9
26-08-2020,2085,2147.95,2047,2137.3,27631028,100.95,-52.3
27-08-2020,2148,2150,2103.25,2110.6,12962139,46.75,37.4
28-08-2020,2120,2132.9,2106.25,2116.15,12537684,26.65,3.85
31-08-2020,2174,2174,2060.35,2080.7,28649141,113.65,93.3
01-09-2020,2100,2122.4,2062.4,2087.25,17821488,60,12.75
02-09-2020,2092,2138,2085,2128.2,12437209,53,-36.2
03-09-2020,2128,2138.75,2103,2112.1,8577741,35.75,15.9
04-09-2020,2083.55,2096.95,2072.2,2077.25,13141705,24.75,6.3
07-09-2020,2084,2105.75,2044.25,2082.65,10119099,61.5,1.35
08-09-2020,2092,2121,2080.5,2107.1,12643762,40.5,-15.1
09-09-2020,2085,2167.8,2081.45,2161.35,25526055,86.35,-76.35
10-09-2020,2183.1,2344.95,2175.35,2314,64751766,169.6,-130.9
11-09-2020,2312,2337.85,2287.1,2319.75,27445883,50.75,-7.75
14-09-2020,2325,2360,2282,2302.55,20335480,78,22.45
15-09-2020,2311.95,2325.75,2288.15,2318.85,12543161,37.6,-6.9
16-09-2020,2320,2369.35,2310.55,2324.55,15669133,58.8,-4.55
17-09-2020,2320,2333.7,2291.85,2298.75,11919991,41.85,21.25
18-09-2020,2314.25,2319.45,2276.55,2305.7,15264101,42.9,8.55
21-09-2020,2300,2336,2247.35,2255.85,15519433,88.65,44.15
22-09-2020,2277,2277,2201.55,2211.15,16056621,75.45,65.85
23-09-2020,2260,2276.75,2205.3,2230.8,19839809,71.45,29.2
24-09-2020,2207.9,2226,2176.05,2181.2,13765321,49.95,26.7
25-09-2020,2189,2212.8,2167.3,2201.7,13095950,45.5,-12.7
28-09-2020,2227,2238,2207.05,2216.25,9076787,30.95,10.75
29-09-2020,2225,2264,2216.25,2245.05,11927459,47.75,-20.05
30-09-2020,2260,2267,2225,2234.35,11291280,42,25.65
01-10-2020,2263.8,2263.8,2214,2225.25,9591467,49.8,38.55
05-10-2020,2244,2249.15,2206,2212.2,8732890,43.15,31.8
06-10-2020,2225.25,2233.9,2201.65,2210.35,8497352,32.25,14.9
07-10-2020,2235,2309,2220,2257.5,24538620,89,-22.5
08-10-2020,2259,2268,2222.1,2239.25,9727508,45.9,19.75
09-10-2020,2235,2253,2217.1,2233.45,8558747,35.9,1.55
12-10-2020,2235,2255.75,2226.25,2237.05,6565525,29.5,-2.05
13-10-2020,2230.6,2285.75,2225.85,2280.7,10666280,59.9,-50.1
14-10-2020,2278.9,2304,2268.5,2287.5,12341487,35.5,-8.6
15-10-2020,2290,2290,2195,2206.5,9246893,95,83.5
16-10-2020,2215,2232.5,2172.65,2175.8,9961080,59.85,39.2
19-10-2020,2190.05,2228.7,2155.15,2176.2,14399062,73.55,13.85
20-10-2020,2179,2193,2152.25,2155.9,8529621,40.75,23.1
21-10-2020,2168,2192,2097.75,2124.6,15729989,94.25,43.4
22-10-2020,2127.4,2132.5,2091,2106.95,14215255,41.5,20.45
23-10-2020,2106,2135,2096.4,2113.05,10809383,38.6,-7.05
26-10-2020,2101.95,2101.95,2018.5,2029.1,17225340,83.45,72.85
27-10-2020,2034.9,2059.85,2005,2034.5,16835011,54.85,0.4
28-10-2020,2041.8,2057.7,2007.4,2011.45,13810054,50.3,30.35
29-10-2020,1997,2042,1991,2026.9,14147681,51,-29.9
30-10-2020,2033.5,2065.1,2021.8,2054.5,15701123,43.3,-21
02-11-2020,2027,2027,1859.15,1877.45,45857806,167.85,149.55
03-11-2020,1890,1909,1835.1,1850.4,40931170,73.9,39.6
04-11-2020,1837,1929,1837,1913.2,37003111,92,-76.2
05-11-2020,1954.95,1960.95,1932,1955,17170274,28.95,-0.05
06-11-2020,1990,2040,1978.15,2029.15,30770080,61.85,-39.15
09-11-2020,2062.1,2069,2036,2050.7,16539467,33,11.4
10-11-2020,2077,2090,2041.2,2084.55,17045147,48.8,-7.55
11-11-2020,2089,2095,1978.1,1997.2,26178477,116.9,91.8
12-11-2020,1981,2008.45,1965,1980,18481466,43.45,1
13-11-2020,1982,2036.65,1981.75,1996.4,20946864,54.9,-14.4
14-11-2020,2014.9,2015.3,1995.35,2002.3,2411900,19.95,12.6
17-11-2020,2085,2085,1985,1993.25,21479385,100,91.75
18-11-2020,1993.25,2006.5,1960.1,1987.2,14030652,46.4,6.05
19-11-2020,1987.2,2010.45,1968.2,1973.15,12828008,42.25,14.05
20-11-2020,1975,1983.8,1895,1899.5,26522972,88.8,75.5
23-11-2020,1951,1970,1926.25,1950.7,20918665,43.75,0.3
24-11-2020,1964,1974,1932,1964.05,14277083,42,-0.05
25-11-2020,1980,1992.95,1942.2,1947.8,15062376,50.75,32.2
26-11-2020,1953.05,1965,1930.05,1952.6,11924527,34.95,0.45
27-11-2020,1940.5,1956.1,1921.4,1929.8,21845931,34.7,10.7
01-12-2020,1940.35,1966.25,1930.05,1954.9,9114939,36.2,-14.55
02-12-2020,1958.5,1962,1935,1958.15,10240168,27,0.35
03-12-2020,1972,1981.1,1958.65,1964.05,12822945,22.45,7.95
04-12-2020,1969,1969,1940,1946.75,8521388,29,22.25
07-12-2020,1940.6,1965,1940.6,1958.2,8418767,24.4,-17.6
08-12-2020,1961.15,2014.25,1950,1993.75,20030506,64.25,-32.6
09-12-2020,2009.95,2033.8,1999.25,2026.95,13464375,34.55,-17
10-12-2020,2021.6,2028.5,2001,2007,7414229,27.5,14.6
11-12-2020,2013,2038,1974.25,2005.8,12434745,63.75,7.2
14-12-2020,2007.95,2015,1986.35,1991.3,7989830,28.65,16.65
15-12-2020,1989.7,1989.7,1961.1,1974.35,8561406,28.6,15.35
16-12-2020,1988,1994.95,1965.7,1976.55,8565904,29.25,11.45
17-12-2020,1984.5,2005,1977.15,1985.6,9346460,27.85,-1.1
18-12-2020,1980.1,2004.9,1965,1991.55,8522215,39.9,-11.45
21-12-2020,2010,2022,1855.25,1939.7,20368545,166.75,70.3
22-12-2020,1949,1958.9,1888.45,1936.7,12986606,70.45,12.3
23-12-2020,1930,1951.45,1920.65,1943.85,8999898,30.8,-13.85
24-12-2020,1947,1998.8,1945.9,1994.15,9588577,52.9,-47.15
28-12-2020,2006.7,2018,1995.3,2003.3,7947719,22.7,3.4
29-12-2020,2009,2012.3,1982.55,1990.05,8589407,29.75,18.95
30-12-2020,1995.25,2007.2,1975.55,1995.5,10173132,31.65,-0.25
31-12-2020,1993.5,2011.9,1978.6,1985.3,8667516,33.3,8.2
01-01-2021,1988,1997,1982,1987.5,4622002,15,0.5
04-01-2021,1995.1,1998.9,1968,1990.85,11312992,30.9,4.25
05-01-2021,1969,1983.6,1956,1966.1,11132803,27.6,2.9
06-01-2021,1965.9,1966,1905.15,1914.25,21414270,60.85,51.65
07-01-2021,1920.5,1945,1905.15,1911.15,14918406,39.85,9.35
08-01-2021,1918,1938.4,1912.1,1933.7,12709792,26.3,-15.7
11-01-2021,1938.8,1938.8,1892.5,1897.25,15371556,46.3,41.55
12-01-2021,1903,1960,1899.9,1957.05,18996047,60.1,-54.05
13-01-2021,1963.55,1974.95,1918.45,1938.8,12284876,56.5,24.75
14-01-2021,1945,1966.9,1939.05,1960.6,9946818,27.85,-15.6
15-01-2021,1960.6,1973.8,1920.05,1937.45,9503790,53.75,23.15
18-01-2021,1949.1,1997,1923.35,1983.95,16198856,73.65,-34.85
19-01-2021,1994.65,2031,1994.65,2016.4,14771048,36.35,-21.75
20-01-2021,2021.4,2058,2001.4,2054.7,14271669,56.6,-33.3
21-01-2021,2082,2120,2075,2099.4,18038987,45,-17.4
22-01-2021,2111,2115.35,2035.15,2049.6,14090818,80.2,61.4
25-01-2021,2034.95,2034.95,1932,1941,25016570,102.95,93.95
27-01-2021,1925,1925,1888,1895,19553809,37,30
28-01-2021,1880.15,1923.3,1870,1876.55,15722291,53.3,3.6
29-01-2021,1894.3,1913.1,1830,1841.95,20173258,83.1,52.35
01-02-2021,1859.4,1905,1848,1895.3,15774504,57,-35.9
02-02-2021,1914.25,1940,1854.95,1925.8,19138414,85.05,-11.55
03-02-2021,1928.3,1952,1900,1930.65,13984228,52,-2.35
04-02-2021,1924,1940,1905,1924.3,11826848,35,-0.3
05-02-2021,1930.05,1944.65,1920,1923.75,9344470,24.65,6.3
08-02-2021,1933.05,1969,1929.05,1951.45,9776136,39.95,-18.4
09-02-2021,1961.95,1989.6,1952.3,1956.15,9047308,37.3,5.8
10-02-2021,1953.75,1984.75,1927.3,1974.3,9799560,57.45,-20.55
11-02-2021,1980,2064.2,1972.25,2055.7,19631870,91.95,-75.7
12-02-2021,2055.5,2078,2015.4,2041.6,14074374,62.6,13.9
15-02-2021,2048.05,2061.3,2025,2032.6,7287590,36.3,15.45
16-02-2021,2039.75,2079.4,2035,2059.5,9886093,44.4,-19.75
17-02-2021,2060,2095.95,2050.6,2083.25,10957388,45.35,-23.25
18-02-2021,2085,2108.4,2059.1,2067.7,8605531,49.3,17.3
19-02-2021,2057,2104.95,2053.3,2080.3,10800704,51.65,-23.3
22-02-2021,2080,2089.9,1994.95,2008.1,10985697,94.95,71.9
23-02-2021,2048,2052.9,2013.6,2023.45,11834752,39.3,24.55
24-02-2021,2030,2065.25,2026.15,2061,4987735,39.1,-31
25-02-2021,2076,2152,2073,2144.35,16085897,79,-68.35
26-02-2021,2117,2133.9,2070.7,2085.8,17297575,63.2,31.2
01-03-2021,2110.2,2112,2062.5,2101.7,8159670,49.5,8.5
02-03-2021,2122,2130,2089.1,2106,7915073,40.9,16
03-03-2021,2121.05,2219.9,2107.2,2202.1,14733134,112.7,-81.05
04-03-2021,2180,2189.95,2157.7,2175.85,9892597,32.25,4.15
05-03-2021,2156,2211.95,2153.05,2178.7,11773630,58.9,-22.7
08-03-2021,2168.5,2231.9,2168,2191.1,9002404,63.9,-22.6
09-03-2021,2200,2213.8,2146.6,2191.05,6993792,67.2,8.95
10-03-2021,2207,2215.1,2170.25,2181.95,5316182,44.85,25.05
12-03-2021,2195,2206.4,2123.9,2137.6,7783173,82.5,57.4
15-03-2021,2140.05,2148.9,2080.5,2108.9,7706302,68.4,31.15
16-03-2021,2114,2126,2095.5,2100.6,6402757,30.5,13.4
17-03-2021,2098.05,2103,2035.1,2055.35,8865521,67.9,42.7
18-03-2021,2072.9,2084.8,2001,2009.1,9528809,83.8,63.8
19-03-2021,1991,2095.85,1982.8,2082,19284892,113.05,-91
22-03-2021,2071,2074,2033.2,2062.4,8571196,40.8,8.6
23-03-2021,2061.95,2109.7,2056,2087.5,8039865,53.7,-25.55
24-03-2021,2079.75,2079.75,2040.4,2047.3,7763726,39.35,32.45
25-03-2021,2054,2054,1985,1991.45,10153757,69,62.55
26-03-2021,2012,2013.7,1973.7,1994.65,9313160,40,17.35
30-03-2021,2008,2048.9,1991.55,2029.3,9433850,57.35,-21.3
31-03-2021,2018,2049.9,1999,2003.1,7499740,50.9,14.9
01-04-2021,2018,2030,2003.15,2021.85,5410307,26.85,-3.85
05-04-2021,2024.95,2025,1962.1,1992.6,6864856,62.9,32.35
06-04-2021,2004,2004.95,1969,1984.3,6465241,35.95,19.7
07-04-2021,2000,2046.9,1993.3,2002.85,11198918,53.6,-2.85
08-04-2021,2011,2022,1993,2005.35,7092878,29,5.65
09-04-2021,1998.45,2006.35,1980,1982.05,6478482,26.35,16.4
12-04-2021,1959,1961.4,1900.25,1911.15,9646031,61.15,47.85
13-04-2021,1924,1940.6,1917.85,1931.8,8958261,22.75,-7.8
15-04-2021,1926.3,1961,1913,1944.3,9102492,48,-18
16-04-2021,1936.6,1949.9,1926.45,1932.1,7225679,23.45,4.5
19-04-2021,1904,1916.4,1890,1901.7,8527967,26.4,2.3
20-04-2021,1910.5,1919,1890.45,1901.15,7939490,28.55,9.35
22-04-2021,1892.25,1914.45,1876.7,1906.4,6687573,37.75,-14.15
23-04-2021,1906,1918.9,1895.35,1904.35,5459016,23.55,1.65
26-04-2021,1920,1962,1911.5,1937.85,9620785,50.5,-17.85
27-04-2021,1940,1997.2,1938.25,1988.65,9226547,58.95,-48.65
28-04-2021,1997.85,2008,1980.15,1997.3,7902002,27.85,0.55
29-04-2021,2022.9,2044.5,2007.3,2024.05,8035915,37.2,-1.15
30-04-2021,2008.5,2036,1987.55,1994.5,9150974,48.45,14
03-05-2021,1966,1979,1943.1,1959.05,10909942,35.9,6.95
04-05-2021,1950,1967.8,1911,1916.6,10083693,56.8,33.4
05-05-2021,1923.35,1938.5,1908.05,1920.1,5719649,30.45,3.25
06-05-2021,1921.85,1935,1906.6,1931,6749281,28.4,-9.15
07-05-2021,1937.75,1955.65,1926,1931.75,5671163,29.65,6
10-05-2021,1939,1946.8,1920.95,1926.2,6433879,25.85,12.8
11-05-2021,1915,1938.55,1910,1933.15,6220217,28.55,-18.15
12-05-2021,1930.1,1932.9,1907,1913.15,6081627,25.9,16.95
14-05-2021,1928.05,1942,1906,1937.3,6134079,36,-9.25
17-05-2021,1937.3,1963.45,1930.4,1960.35,5479424,33.05,-23.05
18-05-2021,1981,2002.6,1972.5,1987.95,5567958,30.1,-6.95
19-05-2021,1980,2016.45,1972,1997.05,7530294,44.45,-17.05
20-05-2021,1997.9,2010.9,1981,1985.4,5271497,29.9,12.5
21-05-2021,1992,2009.6,1986,2002.55,4977555,23.6,-10.55
24-05-2021,2008,2009.8,1982,1985.65,3946636,27.8,22.35
25-05-2021,1996.4,1997,1960,1963.15,6821015,37,33.25
26-05-2021,1975,1979.5,1965.3,1970.05,3452113,14.2,4.95
27-05-2021,1970.3,1993,1962.25,1976.1,12377100,30.75,-5.8
28-05-2021,1990,2105,1990,2094.8,26060864,115,-104.8
31-05-2021,2102,2191.7,2085.05,2160.3,27285782,106.65,-58.3
01-06-2021,2166,2202,2146.5,2168.9,12928379,55.5,-2.9
02-06-2021,2157,2209.5,2157,2201.25,11366816,52.5,-44.25
03-06-2021,2221,2250,2196.1,2209.65,11064116,53.9,11.35
04-06-2021,2214.8,2216.45,2184.25,2190.5,6677278,32.2,24.3
07-06-2021,2202,2242,2185,2227.4,7539326,57,-25.4
08-06-2021,2226.6,2227.15,2198.15,2214.6,4464889,29,12
09-06-2021,2219,2221,2157.95,2175,5265326,63.05,44
10-06-2021,2193.4,2230,2177.55,2183,6532832,52.45,10.4
11-06-2021,2182.9,2228,2180.1,2213.15,6351520,47.9,-30.25
14-06-2021,2215,2258.25,2195.05,2244.9,9383416,63.2,-29.9
15-06-2021,2261,2274.9,2240.3,2250,7002898,34.6,11
16-06-2021,2244.9,2247.05,2205.85,2211.6,4982975,41.2,33.3
17-06-2021,2200,2235,2179.9,2215.65,7266765,55.1,-15.65
18-06-2021,2225.5,2235,2184.35,2225.65,13553801,50.65,-0.15
21-06-2021,2203.5,2247.5,2200.15,2237.25,5624044,47.35,-33.75
22-06-2021,2254,2261,2219.35,2225.75,5940386,41.65,28.25
23-06-2021,2250,2250.6,2201.7,2205.35,7685796,48.9,44.65
24-06-2021,2206.85,2214.6,2140,2153.5,42209687,74.6,53.35
25-06-2021,2153.5,2153.5,2081.1,2104.45,25546334,72.4,49.05
28-06-2021,2122,2126.5,2081,2086,9357852,45.5,36
29-06-2021,2089.5,2109,2084.1,2087.8,12526981,24.9,1.7
30-06-2021,2096.25,2122.65,2091.05,2110.65,9120556,31.6,-14.4
01-07-2021,2118,2123.15,2095,2097.95,5784627,28.15,20.05
02-07-2021,2097,2132.9,2092.95,2129.05,6500973,39.95,-32.05
05-07-2021,2136.45,2153.55,2131.5,2150.2,5400604,22.05,-13.75
06-07-2021,2144.95,2148.9,2120.2,2124.8,4647361,28.7,20.15
07-07-2021,2127.75,2127.75,2098,2110.05,4824931,29.75,17.7
08-07-2021,2116.95,2116.95,2081,2092.6,5162088,35.95,24.35
09-07-2021,2088,2091.7,2066.1,2071.2,4170886,25.6,16.8
12-07-2021,2079.75,2101.5,2074.5,2084.1,3962111,27,-4.35
13-07-2021,2100,2103.05,2088.05,2099.7,3099956,15,0.3
14-07-2021,2100.35,2106.85,2081.25,2086,3937768,25.6,14.35
15-07-2021,2095,2095,2078.5,2082.35,4360415,16.5,12.65
16-07-2021,2087.75,2114.75,2087.6,2112.4,4074206,27.15,-24.65
19-07-2021,2100,2124,2092.25,2098.95,3855577,31.75,1.05
20-07-2021,2099.5,2108,2084,2093.8,3111185,24,5.7
22-07-2021,2119,2123.9,2098.15,2120.7,3679260,25.75,-1.7
23-07-2021,2134.45,2134.45,2102.05,2105.7,4585938,32.4,28.75
26-07-2021,2108,2121,2071.1,2076.85,5717830,49.9,31.15
27-07-2021,2076.8,2083.7,2042,2055,4995516,41.7,21.8
28-07-2021,2058,2058,2016.25,2037.35,5952355,41.75,20.65
29-07-2021,2054,2074.4,2043.4,2053.25,6352886,31,0.75
30-07-2021,2058,2067.95,2031.1,2035.3,5238304,36.85,22.7
02-08-2021,2054.3,2079.4,2041.15,2072.5,5041934,38.25,-18.2
03-08-2021,2090,2091,2064.2,2087.75,5453682,26.8,2.25
04-08-2021,2094.4,2114,2087,2103.75,6077861,27,-9.35
05-08-2021,2114.3,2154.8,2104.25,2134.25,9807831,50.55,-19.95
06-08-2021,2129.95,2146.95,2078.75,2089.05,7670583,68.2,40.9
09-08-2021,2081,2089.8,2066.5,2077.15,3458546,23.3,3.85
10-08-2021,2082,2113,2073.75,2088.05,5500708,39.25,-6.05
11-08-2021,2096.95,2120,2083.4,2117.3,4238859,36.6,-20.35
12-08-2021,2124.9,2126.2,2105,2110.5,3755507,21.2,14.4
13-08-2021,2117.3,2149.9,2108.95,2145.65,5898384,40.95,-28.35
16-08-2021,2149.35,2203,2128.15,2173.5,10123204,74.85,-24.15
17-08-2021,2168.85,2185.2,2147.85,2164.25,5841743,37.35,4.6
18-08-2021,2174,2186.8,2152.6,2172.65,4650008,34.2,1.35
20-08-2021,2143,2172,2137,2148.25,4350228,35,-5.25
23-08-2021,2174,2174,2132.3,2162.35,4547802,41.7,11.65
24-08-2021,2165.05,2192,2155.6,2183.7,5475452,36.4,-18.65
25-08-2021,2185.4,2220,2180.1,2202.6,6175126,39.9,-17.2
26-08-2021,2208,2244.9,2205,2230.45,8579105,39.9,-22.45
27-08-2021,2237,2242.75,2216.05,2227.4,4836812,26.7,9.6
30-08-2021,2250,2275.85,2236.8,2270.25,6473487,39.05,-20.25
31-08-2021,2276.9,2283.75,2242.25,2258.15,12223037,41.5,18.75
01-09-2021,2273,2292.9,2263,2267.1,5143640,29.9,5.9
02-09-2021,2255,2307.8,2255,2294.4,4595048,52.8,-39.4
03-09-2021,2310,2395,2302.5,2388.5,14151629,92.5,-78.5
06-09-2021,2413,2480,2412,2425.6,15525644,68,-12.6
07-09-2021,2430,2458,2412,2440.9,8006968,46,-10.9
08-09-2021,2452,2454,2406.65,2431.35,6600210,47.35,20.65
09-09-2021,2427.9,2437.85,2416.1,2425.6,4136538,21.75,2.3
13-09-2021,2433,2433,2368.05,2371.55,7527598,64.95,61.45
14-09-2021,2375,2394,2366,2368.45,4111205,28,6.55
15-09-2021,2368.5,2395.75,2368.5,2378.3,4186300,27.25,-9.8
16-09-2021,2381.55,2436.75,2367,2428.2,6206657,69.75,-46.65
17-09-2021,2446,2455.85,2375.6,2390.55,16098099,80.25,55.45
20-09-2021,2372.1,2418.35,2370,2394.35,5436385,48.35,-22.25
21-09-2021,2405,2416.6,2384,2404.7,4576111,32.6,0.3
22-09-2021,2408,2442,2398.25,2430.5,5074612,43.75,-22.5
23-09-2021,2447.4,2497,2445.5,2489.9,7267883,51.5,-42.5
24-09-2021,2503.55,2505.45,2472,2482.7,7011181,33.45,20.85
27-09-2021,2487,2529.9,2475.3,2524.45,7095022,54.6,-37.45
28-09-2021,2534,2564.9,2512.8,2548.05,8323269,52.1,-14.05
29-09-2021,2570,2570,2520.05,2527.85,4485721,49.95,42.15
30-09-2021,2525,2534.6,2500.35,2519.25,6272085,34.25,5.75
01-10-2021,2501.95,2539.8,2495,2523.7,4134544,44.8,-21.75
04-10-2021,2553,2574.85,2537.05,2556.15,5038910,37.8,-3.15
05-10-2021,2555.1,2612,2547.35,2609.2,6245770,64.65,-54.1
06-10-2021,2619.95,2619.95,2551.1,2559.85,4734472,68.85,60.1
07-10-2021,2595,2598.75,2567.7,2572.4,2924370,31.05,22.6
08-10-2021,2585.25,2684.4,2581.5,2671.25,7279003,102.9,-86
11-10-2021,2701.4,2720,2645.35,2652.65,6815737,74.65,48.75
12-10-2021,2645,2683,2641.25,2667.8,3083747,41.75,-22.8
13-10-2021,2679,2719.5,2669.3,2694.95,4596429,50.2,-15.95
14-10-2021,2700.35,2717.45,2687.2,2700.4,3979730,30.25,-0.05
18-10-2021,2668.6,2745,2662.3,2707.6,6273850,82.7,-39
19-10-2021,2723.8,2751.35,2708,2731.85,4076617,43.35,-8.05
20-10-2021,2742.75,2742.75,2691.5,2700.4,5865926,51.25,42.35
21-10-2021,2727.4,2728,2603.2,2622.5,9613812,124.8,104.9
22-10-2021,2620,2664.9,2611.5,2627.4,5089178,53.4,-7.4
25-10-2021,2680,2680,2570,2601.8,7937067,110,78.2
26-10-2021,2617.1,2668.9,2603.15,2661.05,4499706,65.75,-43.95
27-10-2021,2652,2676.8,2619.95,2627.4,4567140,56.85,24.6
28-10-2021,2620,2637.95,2590.5,2598.6,4562471,47.45,21.4
29-10-2021,2596.15,2596.15,2501.7,2536.25,6568539,94.45,59.9
01-11-2021,2536.25,2556,2494.1,2537.8,7144532,61.9,-1.55
02-11-2021,2545,2548,2495.25,2500.8,4877652,52.75,44.2
03-11-2021,2506.05,2520,2461,2483.6,5533120,59,22.45
04-11-2021,2492.95,2504.9,2490,2498.85,787160,14.9,-5.9
08-11-2021,2519.4,2520,2456.4,2501.95,9385607,63.6,17.45
09-11-2021,2505,2528.9,2487.05,2521.7,7237470,41.85,-16.7
10-11-2021,2516.7,2558,2503.65,2549.9,4731975,54.35,-33.2
11-11-2021,2540.05,2570.5,2535.55,2554.55,4948422,34.95,-14.5
12-11-2021,2562.9,2598.75,2557,2593.1,4020744,41.75,-30.2
15-11-2021,2600,2602.2,2570,2577.8,2216708,32.2,22.2
16-11-2021,2572.05,2575,2495,2517.9,5232292,80,54.15
17-11-2021,2498.95,2498.95,2461,2464,4708235,37.95,34.95
18-11-2021,2460,2489,2450.05,2473.3,3925345,38.95,-13.3
22-11-2021,2436.1,2449,2351,2363.75,11133364,98,72.35
23-11-2021,2333.05,2401.25,2309,2385.85,11688406,92.25,-52.8
24-11-2021,2380,2409.9,2343.55,2351.4,7762564,66.35,28.6
25-11-2021,2373,2502,2357.15,2492.95,19568487,144.85,-119.95
26-11-2021,2467.8,2477.6,2401.5,2412.6,7274686,76.1,55.2
29-11-2021,2439.1,2500,2399.1,2441.5,11226147,100.9,-2.4
30-11-2021,2468,2475.9,2388.85,2405.4,14847511,87.05,62.6
01-12-2021,2433,2474,2425.1,2467,4663276,48.9,-34
02-12-2021,2469.7,2496.2,2461.6,2482.85,5870468,34.6,-13.15
03-12-2021,2498.4,2498.5,2400,2408.25,8871172,98.5,90.15
06-12-2021,2416,2425,2357.15,2362.6,4768334,67.85,53.4
07-12-2021,2376.15,2404,2360,2381.85,5185007,44,-5.7
08-12-2021,2424.1,2431.8,2406.3,2418.1,4035437,25.5,6
09-12-2021,2435,2474.9,2425,2456.45,6098050,49.9,-21.45
10-12-2021,2440.25,2466,2430.35,2458.95,3860176,35.65,-18.7
13-12-2021,2473.5,2474.1,2404,2409.65,5954148,70.1,63.85
14-12-2021,2380,2406,2373.4,2380.15,5995586,32.6,-0.15
15-12-2021,2384,2405,2361.1,2373.2,4322855,43.9,10.8
16-12-2021,2405.7,2415.5,2368.65,2403.9,4504829,46.85,1.8
17-12-2021,2398.05,2408,2320,2340.45,9714489,88,57.6
20-12-2021,2317.85,2317.85,2247.1,2277.35,6611376,70.75,40.5
21-12-2021,2311.35,2346,2292.2,2311.25,5924071,53.8,0.1
22-12-2021,2324.9,2371.9,2322,2366.1,8149415,49.9,-41.2
23-12-2021,2374,2380,2358.05,2365.25,4186912,21.95,8.75
24-12-2021,2370,2392,2337.55,2372.8,3639616,54.45,-2.8
27-12-2021,2361.55,2378,2348.1,2370.25,1853948,29.9,-8.7
28-12-2021,2375.6,2404.85,2373.05,2398.4,2941883,31.8,-22.8
29-12-2021,2391,2419,2382.1,2402.5,7118779,36.9,-11.5
30-12-2021,2400,2404.95,2345.6,2359.1,13537254,59.35,40.9
31-12-2021,2373,2383.9,2360,2368.15,4373768,23.9,4.85
