Date,Open,High,Low,Close,Volume,High-low,Open-close
02-01-2017,474.95,488.5,469.2,487.25,415721,19.3,-12.3
03-01-2017,491,492.75,479.45,481.25,823203,13.3,9.75
04-01-2017,485,493.6,484.6,486.5,414780,9,-1.5
05-01-2017,496.1,503.2,495,501.95,539024,8.2,-5.85
06-01-2017,506,507.85,496.4,497.8,451099,11.45,8.2
09-01-2017,500.1,504.45,492.55,500.35,391675,11.9,-0.25
10-01-2017,505.7,516.55,505.1,515.3,767765,11.45,-9.6
11-01-2017,518.2,525,517.3,518.9,375665,7.7,-0.7
12-01-2017,519.05,524,513.25,518.35,378656,10.75,0.7
13-01-2017,520.1,523.5,507.4,514.65,393121,16.1,5.45
16-01-2017,517.2,529.2,517.2,526.55,473428,12,-9.35
17-01-2017,527.05,530.65,521,523.25,398811,9.65,3.8
18-01-2017,524.9,529.6,521.5,523.15,1689922,8.1,1.75
19-01-2017,523.15,535,523.15,530.7,446639,11.85,-7.55
20-01-2017,529,529.2,521.75,523.15,169627,7.45,5.85
23-01-2017,522,534.55,522,532.15,263311,12.55,-10.15
24-01-2017,533,542.85,532.6,541.4,449551,10.25,-8.4
25-01-2017,542.1,550,541.7,548,245448,8.3,-5.9
27-01-2017,552.45,553,539.9,544.35,575424,13.1,8.1
30-01-2017,542,543.2,530.85,532.5,182094,12.35,9.5
31-01-2017,531.5,531.5,518,523.6,285965,13.5,7.9
01-02-2017,525.55,544.8,523,541.7,308726,21.8,-16.15
02-02-2017,541.9,541.9,527.05,530.85,1405061,14.85,11.05
03-02-2017,534.4,534.4,520,522.5,322716,14.4,11.9
06-02-2017,524.5,531.35,523.7,525.3,228656,7.65,-0.8
07-02-2017,527.8,527.8,501.95,506.8,726816,25.85,21
08-02-2017,510.2,515,507,513,355443,8,-2.8
09-02-2017,517.7,518.15,506.15,512.8,379479,12,4.9
10-02-2017,512.5,514.7,506.6,509.4,345699,8.1,3.1
13-02-2017,512,513,503.8,505.4,507,9.2,6.6
14-02-2017,503.85,506.4,468.3,486.8,1242271,38.1,17.05
15-02-2017,449,453.25,435,436.55,3628635,18.25,12.45
16-02-2017,442,447.75,436,445.9,968146,11.75,-3.9
17-02-2017,448.9,456.8,442.75,452.7,926504,14.05,-3.8
20-02-2017,452,458.25,449.45,455.5,533916,8.8,-3.5
21-02-2017,458,462.75,454.7,458.95,648219,8.05,-0.95
22-02-2017,461,466.7,456.65,460.15,653447,10.05,0.85
23-02-2017,464,464.9,457.65,462,559233,7.25,2
27-02-2017,465,465,455.1,457.3,709474,9.9,7.7
28-02-2017,459.7,459.7,454.1,456.15,252303,5.6,3.55
01-03-2017,457.5,457.5,448,449.1,467953,9.5,8.4
02-03-2017,458.8,467.9,453.3,461.05,1049729,14.6,-2.25
03-03-2017,463,467,458.7,460.1,420227,8.3,2.9
06-03-2017,462,472.3,462,470.7,489685,10.3,-8.7
07-03-2017,470.7,475.8,465.5,467.1,507504,10.3,3.6
08-03-2017,470,470,461.4,462.65,338660,8.6,7.35
09-03-2017,462.6,469.8,461.5,467.6,338535,8.3,-5
10-03-2017,472,472,465.3,468.95,407708,6.7,3.05
14-03-2017,480,482.5,468.7,469.65,662834,13.8,10.35
15-03-2017,474.25,476.5,470.65,473.35,476602,5.85,0.9
16-03-2017,476.9,481.5,476.15,480.4,1833905,5.35,-3.5
17-03-2017,482.6,484.3,472.4,476.35,314915,11.9,6.25
20-03-2017,477.4,478.2,471.3,476.05,281741,6.9,1.35
21-03-2017,476,477.35,470.7,473.35,206191,6.65,2.65
22-03-2017,471,471,458.6,459.9,427596,12.4,11.1
23-03-2017,460.7,475.9,460.7,471.8,449713,15.2,-11.1
24-03-2017,472,474.7,467.65,470.5,313779,7.05,1.5
27-03-2017,470,470,462.4,465.5,941186,7.6,4.5
28-03-2017,469.9,473.1,468,472.4,195210,5.1,-2.5
29-03-2017,475,475,463.75,469.1,504661,11.25,5.9
30-03-2017,464.7,469.7,463,468.4,672046,6.7,-3.7
31-03-2017,467,472.5,464.1,465.95,797627,8.4,1.05
03-04-2017,469,472.25,467.75,470.45,396149,4.5,-1.45
05-04-2017,473,474.95,467.15,473.55,472,7.8,-0.55
06-04-2017,474.4,478.75,470.7,473.05,474,8.05,1.35
07-04-2017,469.8,480,466.55,468,473,13.45,1.8
10-04-2017,470,478.15,468,475.05,520240,10.15,-5.05
11-04-2017,477,478.45,471.4,472.75,594211,7.05,4.25
12-04-2017,471.9,471.9,462.05,465.2,381031,9.85,6.7
13-04-2017,469.35,469.35,451.2,452.95,663863,18.15,16.4
17-04-2017,452.9,455.7,447.35,449.5,423227,8.35,3.4
18-04-2017,450,455.8,442.5,444.1,428133,13.3,5.9
19-04-2017,445,449.1,438.2,443.55,589375,10.9,1.45
20-04-2017,447.9,447.9,442.5,444,440999,5.4,3.9
21-04-2017,447.5,447.95,437,440.4,689180,10.95,7.1
24-04-2017,440.7,449,439.05,445.1,502136,9.95,-4.4
25-04-2017,447.8,447.8,443.5,445.6,307085,4.3,2.2
26-04-2017,448.7,454.4,445.6,450.8,903160,8.8,-2.1
27-04-2017,453,461.3,453,455.95,522463,8.3,-2.95
28-04-2017,458.9,461.45,454.8,457.8,368672,6.65,1.1
02-05-2017,457.8,457.8,448.9,451.65,381141,8.9,6.15
03-05-2017,452.8,456.35,444.6,446.65,339662,11.75,6.15
04-05-2017,447,448.8,435.35,436.5,514416,13.45,10.5
05-05-2017,436.7,438,418.05,419.75,1413719,19.95,16.95
08-05-2017,424.2,428.5,417.1,423.25,512318,11.4,0.95
09-05-2017,424,428.55,423.4,426.7,343617,5.15,-2.7
10-05-2017,428,432.9,424.4,432.05,419054,8.5,-4.05
11-05-2017,432.55,434.3,425.7,427.4,931209,8.6,5.15
12-05-2017,428,433.8,427.4,430.4,436223,6.4,-2.4
15-05-2017,433.6,433.6,430.05,431.85,364038,3.55,1.75
16-05-2017,433,439.7,432.3,437.3,377867,7.4,-4.3
17-05-2017,437.45,452,435.5,449.65,970863,16.5,-12.2
18-05-2017,442,448.8,436,438.2,489585,12.8,3.8
19-05-2017,444,445,435,442.95,334437,10,1.05
22-05-2017,443,452,442.35,448.4,586135,9.65,-5.4
23-05-2017,450.4,456.45,444.5,450.1,1072302,11.95,0.3
24-05-2017,469,472.95,459.05,469.45,1492844,13.9,-0.45
25-05-2017,470.3,478,465,475.45,1058632,13,-5.15
26-05-2017,475,487,472.85,480.75,1118826,14.15,-5.75
29-05-2017,482,484.45,472,480.4,386808,12.45,1.6
30-05-2017,482.1,486.65,479.6,481.45,289836,7.05,0.65
31-05-2017,480.5,482.7,475,476.2,401166,7.7,4.3
01-06-2017,477,479.75,473.6,476.4,302586,6.15,0.6
02-06-2017,479,485.95,477.5,478.55,375530,8.45,0.45
05-06-2017,478.2,481.4,475.4,478,206697,6,0.2
06-06-2017,482.65,484.4,457.35,460.9,702667,27.05,21.75
07-06-2017,464,464,453.6,457.95,456841,10.4,6.05
08-06-2017,458.5,463.5,457.45,460.75,378363,6.05,-2.25
09-06-2017,460.9,468,455.15,467.2,425755,12.85,-6.3
12-06-2017,467,467,455.1,456.5,321767,11.9,10.5
13-06-2017,457.1,458.55,448.1,449.6,452,10.45,7.5
14-06-2017,451,453.6,447.2,451.6,451,6.4,-0.6
15-06-2017,452.95,457.95,447,448.45,395863,10.95,4.5
16-06-2017,455.4,458.3,452.25,455.5,558674,6.05,-0.1
19-06-2017,455,456.6,450.9,452.3,345728,5.7,2.7
20-06-2017,455.5,470.6,455.5,467.15,691383,15.1,-11.65
21-06-2017,467,467,456,457.3,1317927,11,9.7
22-06-2017,460,463.2,452,452.8,317232,11.2,7.2
23-06-2017,453.1,456.55,442.4,443.1,84099998,14.15,10
27-06-2017,443.15,444.2,434.4,441.55,275699,9.8,1.6
28-06-2017,442.85,446.5,440.35,442.15,291898,6.15,0.7
29-06-2017,445.65,446.2,433.65,435.95,270474,12.55,9.7
30-06-2017,434.9,434.9,428,432.5,511744,6.9,2.4
03-07-2017,433.7,434.4,426.65,430.65,537854,7.75,3.05
04-07-2017,438,438,426.1,427.65,431813,11.9,10.35
05-07-2017,429.9,434.25,427.55,432.05,367800,6.7,-2.15
06-07-2017,435,438.8,433.85,437.1,279419,4.95,-2.1
07-07-2017,433,441.3,432.5,436.8,277875,8.8,-3.8
10-07-2017,441.7,457.5,441.7,446.75,3343876,15.8,-5.05
11-07-2017,451.25,462.25,451.25,456.95,1257434,11,-5.7
12-07-2017,462,463.8,456.9,460.95,392673,6.9,1.05
13-07-2017,464.15,465,455.55,458.4,256544,9.45,5.75
14-07-2017,459.1,460,451,451.9,202313,9,7.2
17-07-2017,453.05,458.35,453.05,454.3,181617,5.3,-1.25
18-07-2017,454,459,452.1,456.05,144805,6.9,-2.05
19-07-2017,454,462.8,453.5,460.55,224975,9.3,-6.55
20-07-2017,463,464.1,457.3,460.2,219538,6.8,2.8
21-07-2017,460,465.9,457.55,464.6,327519,8.35,-4.6
24-07-2017,461,468,461,463.6,258063,7,-2.6
25-07-2017,468,468,454.7,456.15,263910,13.3,11.85
26-07-2017,457,458.7,455,456.75,769149,3.7,0.25
27-07-2017,461,461,441.4,445.65,449480,19.6,15.35
28-07-2017,445,447.95,442.65,446.3,351205,5.3,-1.3
31-07-2017,446,449.35,443.75,444.5,240220,5.6,1.5
01-08-2017,445,452.25,445,446.9,465788,7.25,-1.9
02-08-2017,449.85,450,435,439.5,513133,15,10.35
03-08-2017,440.5,441.6,430.2,431.85,1841235,11.4,8.65
04-08-2017,431,438.85,431,435.1,1340403,7.85,-4.1
07-08-2017,439.7,440,426,430.45,412555,14,9.25
08-08-2017,432,435.35,425.9,430.4,466576,9.45,1.6
09-08-2017,428.5,430.15,415,416.75,779946,15.15,11.75
10-08-2017,399.9,404,376,380.9,2401602,28,19
11-08-2017,377.9,379.95,357.95,374.4,1122665,22,3.5
14-08-2017,380,381.85,372.6,375.65,589792,9.25,4.35
16-08-2017,380,390.1,376,389.05,727516,14.1,-9.05
17-08-2017,392,393.9,384.1,385.05,653997,9.8,6.95
18-08-2017,384,384,377.25,380.7,574271,6.75,3.3
21-08-2017,382,382.85,372.1,374.55,595249,10.75,7.45
22-08-2017,377.35,379.9,372.35,373.35,558419,7.55,4
23-08-2017,375.5,381.3,373.2,380.1,468387,8.1,-4.6
24-08-2017,382,385.6,380.5,384,464238,5.1,-2
28-08-2017,385.7,387.25,378.7,379.2,377373,8.55,6.5
29-08-2017,379.2,382.45,375,376.35,278851,7.45,2.85
30-08-2017,379.2,382.75,377.6,378.55,251767,5.15,0.65
31-08-2017,378,380.7,376,376.6,177033,4.7,1.4
01-09-2017,379,392.5,378.9,390.7,536632,13.6,-11.7
04-09-2017,393.95,396.05,381.4,384.4,648771,14.65,9.55
05-09-2017,386,388.9,383.5,387.4,340022,5.4,-1.4
06-09-2017,383.35,386.45,382.5,383.4,270015,3.95,-0.05
07-09-2017,384,384.8,376.1,378.9,654612,8.7,5.1
08-09-2017,380,381.7,374,375.05,524053,7.7,4.95
11-09-2017,380,380.8,374.3,375.4,273809,6.5,4.6
12-09-2017,378,389,375.5,387.2,576144,13.5,-9.2
13-09-2017,391.55,393.7,387.3,389.8,829294,6.4,1.75
14-09-2017,391.45,405.6,391,403.9,1398319,14.6,-12.45
15-09-2017,403.7,406.2,399.55,401.25,741795,6.65,2.45
18-09-2017,411.3,413.9,403.55,405.35,750585,10.35,5.95
19-09-2017,415,428.2,415,423.9,48383244,13.2,-8.9
20-09-2017,424.4,424.4,413.1,415.5,453886,11.3,8.9
21-09-2017,416.9,418.8,408.9,413.3,388130,9.9,3.6
22-09-2017,414.75,421.6,409.65,411.2,841436,11.95,3.55
25-09-2017,413,418.9,404.6,408.2,412851,14.3,4.8
26-09-2017,409,413.7,403.85,410.9,345628,9.85,-1.9
27-09-2017,411,414.3,401.95,403.9,330950,12.35,7.1
28-09-2017,407.4,407.4,399,401.1,256563,8.4,6.3
29-09-2017,400.3,404.05,397.95,401.25,431845,6.1,-0.95
03-10-2017,428.25,428.25,415.25,416.4,733114,13,11.85
04-10-2017,418,425,412.75,423.4,462809,12.25,-5.4
05-10-2017,425,426,420.3,423.15,353857,5.7,1.85
06-10-2017,422.9,425.9,415.8,424.2,309894,10.1,-1.3
09-10-2017,425.1,432.2,423.3,425.9,336362,8.9,-0.8
10-10-2017,424,429,422.1,423.8,246097,6.9,0.2
11-10-2017,421.15,424.9,413.4,415.25,296017,11.5,5.9
12-10-2017,415.5,421.85,409.95,420.3,423345,11.9,-4.8
13-10-2017,422,428.9,419.2,424.45,457236,9.7,-2.45
16-10-2017,426,437.95,426,436.55,525906,11.95,-10.55
17-10-2017,437.4,437.4,430.75,432,291426,6.65,5.4
18-10-2017,434,437.6,427.3,433.55,297257,10.3,0.45
19-10-2017,433.45,433.45,424.05,427.25,143416,9.4,6.2
23-10-2017,428.2,430.75,420.95,422.3,279220,9.8,5.9
24-10-2017,422,428.8,415,415.8,449579,13.8,6.2
25-10-2017,420,424.25,415.4,422,265084,8.85,-2
26-10-2017,420.55,422.25,417.5,419.35,247939,4.75,1.2
27-10-2017,421,434,421,430.05,472018,13,-9.05
30-10-2017,430,439.9,428.75,435.8,443873,11.15,-5.8
31-10-2017,437.15,438.5,427.15,428.55,537759,11.35,8.6
01-11-2017,430.05,439.8,428.8,436.75,418931,11,-6.7
02-11-2017,436.7,440.3,430,434.8,393648,10.3,1.9
03-11-2017,435.1,448.5,432.9,446.9,625153,15.6,-11.8
06-11-2017,448.05,466.95,443.65,461.55,1122495,23.3,-13.5
07-11-2017,458,465.8,447,451.9,692700,18.8,6.1
08-11-2017,451,455.5,431.5,438.7,790340,24,12.3
09-11-2017,443.5,451.25,426,440.3,3182360,25.25,3.2
10-11-2017,440.85,440.85,420.15,422.65,2415046,20.7,18.2
13-11-2017,427,428,416.1,418.2,724312,11.9,8.8
14-11-2017,419.7,422,411.25,414.55,516824,10.75,5.15
15-11-2017,413.95,417.55,407,408.6,732963,10.55,5.35
16-11-2017,410.1,415.8,410.1,413.5,450604,5.7,-3.4
17-11-2017,418.2,423,417.05,421.45,498829,5.95,-3.25
20-11-2017,421.55,425.35,420.3,422.4,350660,5.05,-0.85
21-11-2017,425.4,429.9,422.7,424.25,765624,7.2,1.15
22-11-2017,424.4,432.95,424.4,428.25,775302,8.55,-3.85
23-11-2017,428.9,430.85,422.85,426.1,332187,8,2.8
24-11-2017,426,429.8,424.05,424.95,336043,5.75,1.05
27-11-2017,422.2,424.9,418,421.15,389757,6.9,1.05
28-11-2017,418.2,422,414.8,415.95,365354,7.2,2.25
29-11-2017,415.95,419.55,412.1,414.25,293079,7.45,1.7
30-11-2017,411.1,412,402.95,404.65,677811,9.05,6.45
01-12-2017,409.1,410.5,396.75,399.15,803276,13.75,9.95
04-12-2017,408,411,402,403.4,577311,9,4.6
05-12-2017,404,405.9,396.8,402.35,638608,9.1,1.65
06-12-2017,402,402.7,395,396.8,417344,7.7,5.2
07-12-2017,403,405.3,397.2,402.15,593359,8.1,0.85
08-12-2017,406.75,413.7,406.5,411.05,2497430,7.2,-4.3
11-12-2017,412,415.35,409.3,410.2,368376,6.05,1.8
12-12-2017,411,415.7,405.55,405.7,1407417,10.15,5.3
13-12-2017,406.25,409.7,400,401.85,409532,9.7,4.4
14-12-2017,403.35,404.2,398.55,402.8,285975,5.65,0.55
15-12-2017,406.2,409,404.05,405.15,325973,4.95,1.05
18-12-2017,401.7,409.6,389.75,405.5,528293,19.85,-3.8
19-12-2017,408.9,420.4,408,419.25,922779,12.4,-10.35
20-12-2017,422,427.5,419.3,421.95,710303,8.2,0.05
21-12-2017,422.55,426.1,418.95,420.25,330655,7.15,2.3
22-12-2017,421,425.95,420.3,421.9,352495,5.65,-0.9
26-12-2017,422.1,424.7,421.3,423.6,177365,3.4,-1.5
27-12-2017,425,427.95,420.35,422.5,217274,7.6,2.5
28-12-2017,424,424,416.25,418.4,222704,7.75,5.6
29-12-2017,418.5,432.5,417.4,431.2,552476,15.1,-12.7
01-01-2018,432.2,436.45,422.85,425.4,524326,13.6,6.8
02-01-2018,429.7,440.2,422.1,438.85,1316818,18.1,-9.15
03-01-2018,439.5,441.45,432.25,433.2,526955,9.2,6.3
04-01-2018,430,433,426.05,429.7,430531,6.95,0.3
05-01-2018,432,436.3,430.1,430.8,358825,6.2,1.2
08-01-2018,433.7,436.4,431.8,433.7,377823,4.6,0
09-01-2018,434.75,443.55,433.35,436.55,611751,10.2,-1.8
10-01-2018,438.85,439.4,431.5,432.5,308664,7.9,6.35
11-01-2018,432.55,437.5,432.55,434.45,199587,4.95,-1.9
12-01-2018,438.3,440.9,432.15,436.15,338549,8.75,2.15
15-01-2018,438.7,439.9,430.3,431.75,221532,9.6,6.95
16-01-2018,432,435.3,420,421.8,437771,15.3,10.2
17-01-2018,422.85,425,410.8,422.75,2714535,14.2,0.1
18-01-2018,422.35,427.75,414.8,418.8,439932,12.95,3.55
19-01-2018,419.75,421.9,415.2,418.95,239133,6.7,0.8
22-01-2018,419,424.2,418.65,421.55,156097,5.55,-2.55
23-01-2018,422.1,422.1,414.75,418.05,365515,7.35,4.05
24-01-2018,417.75,417.75,402.5,403.6,765278,15.25,14.15
25-01-2018,402.25,408,399,400.2,559942,9,2.05
29-01-2018,401.15,406,398.05,399.3,335015,7.95,1.85
30-01-2018,399.1,402.2,395.3,396.2,407917,6.9,2.9
31-01-2018,396.2,401,395.75,399.25,348600,5.25,-3.05
01-02-2018,401,403.85,391.05,394.65,551822,12.8,6.35
02-02-2018,391,397.25,381.65,384.05,649423,15.6,6.95
05-02-2018,381.65,398.4,380.45,396.05,723112,17.95,-14.4
06-02-2018,368,379.6,357,374.45,2009877,22.6,-6.45
07-02-2018,388,388,375.3,377.5,1890021,12.7,10.5
08-02-2018,381,381,372.7,374.85,1041768,8.3,6.15
09-02-2018,370,373.1,368.5,369.2,614888,4.6,0.8
12-02-2018,372,376.25,370.35,372.45,469444,5.9,-0.45
14-02-2018,373.9,382.4,371.2,376.85,600577,11.2,-2.95
15-02-2018,379,382.4,373.85,376.15,585612,8.55,2.85
16-02-2018,377.25,379.4,368.3,370.55,500663,11.1,6.7
19-02-2018,371.95,374,363.5,367.75,431513,10.5,4.2
20-02-2018,370,370.7,366.5,368.9,228993,4.2,1.1
21-02-2018,370.3,374,363,364.35,454904,11,5.95
22-02-2018,364,364,357.9,358.55,451987,6.1,5.45
23-02-2018,357.55,364.5,357.55,360.45,486548,6.95,-2.9
26-02-2018,362,373.5,362,372.05,611335,11.5,-10.05
27-02-2018,375,376.8,370.55,372.85,365754,6.25,2.15
28-02-2018,369,373.5,367.05,370.2,357224,6.45,-1.2
01-03-2018,367.9,376.25,367.9,370.85,593743,8.35,-2.95
05-03-2018,370.85,370.85,351,352.15,888581,19.85,18.7
06-03-2018,356.95,358,345,346.6,786916,13,10.35
07-03-2018,345,354.9,342.9,348,844076,12,-3
08-03-2018,350.55,351.8,341.75,345.9,471093,10.05,4.65
09-03-2018,345,348.7,340.65,341.7,487081,8.05,3.3
12-03-2018,344.55,353.05,340.65,352.2,522985,12.4,-7.65
13-03-2018,351.95,356.35,350.05,353.75,391607,6.3,-1.8
14-03-2018,352.85,354.95,349.8,354.15,269680,5.15,-1.3
15-03-2018,355,358.4,351.3,353.05,2625555,7.1,1.95
16-03-2018,352.9,352.9,339,340.1,707153,13.9,12.8
19-03-2018,341.9,342.45,332.55,335.75,559922,9.9,6.15
20-03-2018,335.75,340.4,333.4,339.25,366544,7,-3.5
21-03-2018,340,342.3,332.6,333.9,494549,9.7,6.1
22-03-2018,339.8,339.9,335,338.2,481307,4.9,1.6
23-03-2018,331,335,330.1,331.1,496525,4.9,-0.1
26-03-2018,330,333.7,324.5,332.05,629409,9.2,-2.05
27-03-2018,333.9,335.7,330,331.05,432538,5.7,2.85
28-03-2018,331.25,333.75,326.15,327.45,494682,7.6,3.8
02-04-2018,335,340,332,338.8,459555,8,-3.8
03-04-2018,339.35,344.7,337.45,343.35,574172,7.25,-4
04-04-2018,349.85,363.45,346.1,355.7,1476617,17.35,-5.85
05-04-2018,364.8,372.4,360.4,363.6,2198237,12,1.2
06-04-2018,363.5,368.25,356.6,363.85,653999,11.65,-0.35
09-04-2018,363.9,368.4,357,358.3,494256,11.4,5.6
10-04-2018,360.95,362.45,352,353.4,474398,10.45,7.55
11-04-2018,354.1,357.1,350.7,355.3,373758,6.4,-1.2
12-04-2018,359.3,363.95,356.85,358.05,734607,7.1,1.25
13-04-2018,359,360.6,354.45,356.65,259261,6.15,2.35
16-04-2018,351.5,352.5,337.9,338.95,1281628,14.6,12.55
17-04-2018,341.4,344.3,333.1,336.9,701127,11.2,4.5
18-04-2018,338,339.95,334.1,335.5,399398,5.85,2.5
19-04-2018,336,337,332.5,334.85,387920,4.5,1.15
20-04-2018,336,343,334.8,336.25,802632,8.2,-0.25
23-04-2018,337,339.65,333,333.5,1076670,6.65,3.5
24-04-2018,334,335.5,330.85,331.55,450969,4.65,2.45
25-04-2018,330.55,333.95,327.9,328.65,478076,6.05,1.9
26-04-2018,328.25,335.65,326.1,330.3,686464,9.55,-2.05
27-04-2018,332.15,337.55,331.35,336.8,512142,6.2,-4.65
30-04-2018,338.95,342.7,337.4,340.2,436277,5.3,-1.25
02-05-2018,349.75,352,335.1,336,1159632,16.9,13.75
03-05-2018,335,335.5,329.45,333.45,1062017,6.05,1.55
04-05-2018,335.7,337.5,329.5,334.25,474047,8,1.45
07-05-2018,337.5,337.5,333.9,335.05,243640,3.6,2.45
08-05-2018,339.2,339.2,330.3,332.1,354371,8.9,7.1
09-05-2018,332.1,346.75,331.1,341.35,999911,15.65,-9.25
10-05-2018,343.1,344.3,332.5,333.35,782878,11.8,9.75
11-05-2018,335.4,335.4,330,330.75,484582,5.4,4.65
14-05-2018,332.5,333.9,323.15,324.15,684086,10.75,8.35
15-05-2018,323.95,324,305.75,310.25,1299902,18.25,13.7
16-05-2018,310.7,315.4,306.8,310.4,749847,8.6,0.3
17-05-2018,312,319.35,309.6,315.15,1151045,9.75,-3.15
18-05-2018,315,315.1,304,305.25,716253,11.1,9.75
21-05-2018,304.2,307.35,295.1,296.55,759795,12.25,7.65
22-05-2018,296,312.5,296,307.75,1238907,16.5,-11.75
23-05-2018,310.5,317,305.65,309.25,1179567,11.35,1.25
24-05-2018,301.5,307.6,284.7,288.95,3260752,22.9,12.55
25-05-2018,288.65,296.9,286.25,294.2,1120841,10.65,-5.55
28-05-2018,294.9,300,290.45,296.2,648033,9.55,-1.3
29-05-2018,296.3,300.2,293,294.6,575018,7.2,1.7
30-05-2018,290.9,292.4,286.25,288.95,777993,6.15,1.95
31-05-2018,290.8,291.15,282,282.9,1137096,9.15,7.9
01-06-2018,286.65,290.5,283.4,287.2,1259799,7.1,-0.55
04-06-2018,291.6,294.8,286.1,286.65,791666,8.7,4.95
05-06-2018,286,288.3,283.7,285.35,526276,4.6,0.65
06-06-2018,286.05,296.7,285.55,295.5,1272388,11.15,-9.45
07-06-2018,297,306.45,295.6,305.3,1363470,10.85,-8.3
08-06-2018,306.8,315,302.6,310.05,1468816,12.4,-3.25
11-06-2018,311.8,313.9,307.05,309.85,1007575,6.85,1.95
12-06-2018,310,313.5,307.1,308,497309,6.4,2
13-06-2018,308.2,311,307,308.15,519926,4,0.05
14-06-2018,308.45,309.7,303.9,305.75,464091,5.8,2.7
15-06-2018,306,307.75,300.75,303.2,470004,7,2.8
18-06-2018,303.55,310.8,302.05,308.75,681093,8.75,-5.2
19-06-2018,309,312.65,303.45,304.65,834498,9.2,4.35
20-06-2018,304.7,308.3,304,305.6,427023,4.3,-0.9
21-06-2018,306.2,308.55,305.55,306.55,299929,3,-0.35
22-06-2018,308.45,308.9,303.2,308.15,400433,5.7,0.3
25-06-2018,308.15,308.15,288,289.85,1375019,20.15,18.3
26-06-2018,289.7,289.7,275.4,277.35,2005780,14.3,12.35
27-06-2018,279,279.5,270.1,271.2,1308895,9.4,7.8
28-06-2018,271.2,272.45,262.5,263.9,1266377,9.95,7.3
29-06-2018,265,270.5,263,269.3,1674053,7.5,-4.3
02-07-2018,276,277,266.1,267.25,1208787,10.9,8.75
03-07-2018,268.1,272,267.55,269.5,1812909,4.45,-1.4
04-07-2018,269.6,271.4,265.8,267,776527,5.6,2.6
05-07-2018,264,264,252.55,261.5,1464421,11.45,2.5
06-07-2018,261.6,273,261.6,271.15,1277833,11.4,-9.55
09-07-2018,273.5,276.9,272.4,273.35,767978,4.5,0.15
10-07-2018,276.8,276.9,273.2,275.4,464022,3.7,1.4
11-07-2018,277,277.1,267.2,267.85,701287,9.9,9.15
12-07-2018,269.95,271.9,265.5,266.5,714458,6.4,3.45
13-07-2018,267.8,269.3,263.3,264.15,636806,6,3.65
16-07-2018,261.15,261.8,250.75,251.55,1599394,11.05,9.6
17-07-2018,254.4,259,252.3,257.6,1429516,6.7,-3.2
18-07-2018,259.9,259.9,247.55,251.95,803100,12.35,7.95
19-07-2018,253.8,257.75,251.35,252.45,638977,6.4,1.35
20-07-2018,252.45,254,251.2,253.4,410202,2.8,-0.95
23-07-2018,255.3,259.3,251.35,258.25,559578,7.95,-2.95
24-07-2018,259.3,263.75,257.7,259.2,688105,6.05,0.1
25-07-2018,259.5,261.75,256.1,257.3,557669,5.65,2.2
26-07-2018,258.15,262.95,257.5,258.5,1161859,5.45,-0.35
27-07-2018,259.65,269.1,258.65,267.7,1121941,10.45,-8.05
30-07-2018,269.35,271.7,266.25,267.3,589717,5.45,2.05
31-07-2018,268.6,270.5,262.5,264.15,764757,8,4.45
01-08-2018,248,267.3,248,264.95,3249106,19.3,-16.95
02-08-2018,264.5,266.1,258.9,260.95,1001648,7.2,3.55
03-08-2018,262.6,263.8,257.7,258.75,743398,6.1,3.85
06-08-2018,260.95,261.85,253.15,254.7,842806,8.7,6.25
07-08-2018,255,255.95,251,251.85,1220335,4.95,3.15
08-08-2018,253.05,258.4,252.1,255,879631,6.3,-1.95
09-08-2018,257,260.5,255,257.5,586850,5.5,-0.5
10-08-2018,261.35,261.35,249.9,250.25,953312,11.45,11.1
13-08-2018,249.55,249.55,243.25,248.55,1566376,6.3,1
14-08-2018,248.7,249.9,247.5,248.7,477144,2.4,0
16-08-2018,247.5,252.75,245,251.15,687994,7.75,-3.65
17-08-2018,253.6,258.95,253.4,257.35,706164,5.55,-3.75
20-08-2018,262,271.9,259.45,269.55,1787015,12.45,-7.55
21-08-2018,271.05,274.6,266.9,269.05,1457193,7.7,2
23-08-2018,269.7,269.7,256.4,257.4,1408104,13.3,12.3
24-08-2018,256.35,258.6,255.05,255.6,713958,3.55,0.75
27-08-2018,257.9,259.5,256.65,258.9,630305,2.85,-1
28-08-2018,261,263.2,259.3,260.3,699602,3.9,0.7
29-08-2018,260.5,263.7,260.5,261.6,407775,3.2,-1.1
30-08-2018,261.85,263,259.1,259.65,370471,3.9,2.2
31-08-2018,259,268.2,258.2,267.1,834884,10,-8.1
03-09-2018,271.7,273,265.45,266.7,1083047,7.55,5
04-09-2018,270.6,271.05,260.65,262.05,1025120,10.4,8.55
05-09-2018,260,270.65,255.45,265.55,1120294,15.2,-5.55
06-09-2018,271,272,264.05,269.95,1168857,7.95,1.05
07-09-2018,270.8,279.95,269.2,277.5,2165591,10.75,-6.7
10-09-2018,276.3,282,272,275.55,2087453,10,0.75
11-09-2018,277.4,278.85,266,267.2,726352,12.85,10.2
12-09-2018,269.8,269.8,259,262.65,1366439,10.8,7.15
14-09-2018,265.15,269.3,263.35,266.45,707305,5.95,-1.3
17-09-2018,264.7,264.7,259.5,260.2,684453,5.2,4.5
18-09-2018,258.2,259.65,250.7,251.45,1038105,8.95,6.75
19-09-2018,252.4,255.15,251.15,252.7,631766,4,-0.3
21-09-2018,254.75,257.7,229.05,250.2,1552086,28.65,4.55
24-09-2018,251.8,251.8,239.35,240.25,897977,12.45,11.55
25-09-2018,240,243.4,235.4,240.9,1033377,8,-0.9
26-09-2018,242,244,229.8,233.3,3202783,14.2,8.7
27-09-2018,235.1,236.8,223.5,225.55,1699432,13.3,9.55
28-09-2018,228,230.6,219.65,223.45,987322,10.95,4.55
01-10-2018,224.3,230.5,220.05,229.25,818192,10.45,-4.95
03-10-2018,230,232.75,226,227.55,732631,6.75,2.45
04-10-2018,225,230.65,221.6,223.25,1034983,9.05,1.75
05-10-2018,223.25,226.45,215,216.55,1078206,11.45,6.7
08-10-2018,216.55,218.95,208.15,212.75,1342852,10.8,3.8
09-10-2018,205.8,206,170.65,184.25,13254155,35.35,21.55
10-10-2018,186,190.8,185,188.75,5564134,5.8,-2.75
11-10-2018,184.75,187.75,178.1,182.75,2259913,9.65,2
12-10-2018,186,188.2,182.75,183.4,1773056,5.45,2.6
15-10-2018,185.7,186.35,182.8,184.3,1182544,3.55,1.4
16-10-2018,184.6,187.2,184.6,185.5,1269499,2.6,-0.9
17-10-2018,188.4,188.8,177.95,179.2,1972906,10.85,9.2
19-10-2018,179.25,180,174.25,174.8,1322998,5.75,4.45
22-10-2018,176.8,176.95,170,170.55,1638539,6.95,6.25
23-10-2018,170,175.7,169.8,170.65,1582606,5.9,-0.65
24-10-2018,172.55,175.1,169.1,170.55,1729054,6,2
25-10-2018,168.3,169.5,164.55,165.4,1519716,4.95,2.9
26-10-2018,166.1,172.8,165.8,168.85,2124217,7,-2.75
29-10-2018,169.1,176.45,167.95,175.35,1362233,8.5,-6.25
30-10-2018,177.7,181.45,176,177.3,1554415,5.45,0.4
31-10-2018,178.4,179.7,173.5,178.65,1554149,6.2,-0.25
01-11-2018,179.2,186.05,177.4,178.75,3369177,8.65,0.45
02-11-2018,181.5,191.4,181,190,5190143,10.4,-8.5
05-11-2018,191.4,191.75,186.7,189.65,1542612,5.05,1.75
06-11-2018,192,199.3,191.3,192.85,2610427,8,-0.85
07-11-2018,196.5,196.5,193.6,195.1,509220,2.9,1.4
09-11-2018,192.9,200.75,192,195.4,1528586,8.75,-2.5
12-11-2018,194.4,194.85,185.25,185.95,1911213,9.6,8.45
13-11-2018,181,182.95,178.45,179.8,1749642,4.5,1.2
14-11-2018,180.1,183.15,176.2,176.8,1547882,6.95,3.3
15-11-2018,178,182.8,177.1,179.95,1540327,5.7,-1.95
16-11-2018,180.8,181.9,178.15,179.4,1319503,3.75,1.4
19-11-2018,180.65,184.95,179.1,184.3,1118238,5.85,-3.65
20-11-2018,184.3,188.4,182.9,183.3,1444305,5.5,1
21-11-2018,184.85,186.75,183.7,184.15,646958,3.05,0.7
22-11-2018,185,186,181.6,182.25,626743,4.4,2.75
26-11-2018,184.45,184.55,177.1,181.7,936014,7.45,2.75
27-11-2018,182.3,184.4,178.9,180,1052579,5.5,2.3
28-11-2018,181.3,181.3,173.85,174.35,1014498,7.45,6.95
29-11-2018,177,179.25,173.65,177.3,1002480,5.6,-0.3
30-11-2018,173.5,175,170.5,171.95,1337665,4.5,1.55
03-12-2018,173.7,176.45,170.2,175.4,1611389,6.25,-1.7
04-12-2018,177.8,178.8,175.15,175.7,1126357,3.65,2.1
05-12-2018,173.75,173.75,168.7,169.2,1552579,5.05,4.55
06-12-2018,168.95,168.95,161.4,162.4,2258828,7.55,6.55
07-12-2018,162.6,164.2,160.75,162.45,1796914,3.45,0.15
10-12-2018,160.55,160.55,156.1,156.85,1341719,4.45,3.7
11-12-2018,155.2,159.6,154.7,158.2,1253737,4.9,-3
12-12-2018,159.9,167,158,163.9,2100354,9,-4
13-12-2018,166.7,167.95,165.65,166.45,1422425,2.3,0.25
14-12-2018,166.8,168.35,164.8,166.9,1259628,3.55,-0.1
17-12-2018,167.4,175.9,167.3,173.75,2385851,8.6,-6.35
18-12-2018,174,177.6,173.2,174.4,1719778,4.4,-0.4
19-12-2018,176,176.4,172.5,173.65,1074104,3.9,2.35
20-12-2018,173.6,177.3,171.9,175.95,1802609,5.4,-2.35
21-12-2018,177.3,180.45,175.1,175.9,2535465,5.35,1.4
24-12-2018,176.5,178,171.45,172.3,1471189,6.55,4.2
26-12-2018,172,172.15,167.7,170.9,1321451,4.45,1.1
27-12-2018,173,173.3,168.05,168.8,1137412,5.25,4.2
28-12-2018,169.9,172.15,169.2,170.8,984514,2.95,-0.9
31-12-2018,172.6,173.9,171.9,172.6,536131,2,0
01-01-2019,173.7,174.3,171.35,173.6,508944,2.95,0.1
02-01-2019,171,171.7,168,168.55,966921,3.7,2.45
03-01-2019,169.3,170.1,165.4,166.2,737133,4.7,3.1
04-01-2019,168.1,171.9,168.1,170.75,1587545,3.8,-2.65
07-01-2019,173,178.3,173,175.25,1718423,5.3,-2.25
08-01-2019,176.3,180.5,176.1,179.35,2812302,4.4,-3.05
09-01-2019,181.9,183.9,180.3,183.1,1704199,3.6,-1.2
10-01-2019,183.65,186.8,183.4,185.55,1395744,3.4,-1.9
11-01-2019,186.3,187.55,179.45,180.3,1675130,8.1,6
14-01-2019,180.55,187.4,177.55,182.3,1394079,9.85,-1.75
15-01-2019,183.2,185.8,181.45,185.4,987729,4.35,-2.2
16-01-2019,185.5,187.3,184.1,185.3,1125134,3.2,0.2
17-01-2019,186.3,187.35,183.4,184.8,923301,3.95,1.5
18-01-2019,185.5,185.6,181.4,183.1,678382,4.2,2.4
21-01-2019,183.3,184.85,180.4,181.4,976947,4.45,1.9
22-01-2019,181.4,182.65,176.05,180.45,1382085,6.6,0.95
23-01-2019,182,182.7,178.6,180.25,802066,4.1,1.75
24-01-2019,179.7,180.25,173.75,175.35,1713994,6.5,4.35
25-01-2019,176.3,178.85,172,173.2,1099193,6.85,3.1
28-01-2019,174.3,175.25,169.55,171.95,840853,5.7,2.35
29-01-2019,171.6,174.8,170.95,173.45,727422,3.85,-1.85
30-01-2019,174.5,176.7,173.15,174.3,789934,3.55,0.2
31-01-2019,175.3,183.5,175.3,181.25,952156,8.2,-5.95
01-02-2019,182,185.9,179.6,181.75,1322530,6.3,0.25
04-02-2019,181,183.6,178.2,180.3,956049,5.4,0.7
05-02-2019,180,181,174.4,175.55,1183820,6.6,4.45
06-02-2019,177,179.3,171.9,178.2,991057,7.4,-1.2
07-02-2019,179.45,184.95,179,182.9,1391764,5.95,-3.45
08-02-2019,164.65,164.65,141.9,151.3,8155068,22.75,13.35
11-02-2019,150.5,153.1,145.8,152.45,2158217,7.3,-1.95
12-02-2019,153.6,154.2,150.75,151.45,1557397,3.45,2.15
13-02-2019,152.05,156.25,151.6,154.75,1643731,4.65,-2.7
14-02-2019,155.8,160.95,153.6,159.65,1945041,7.35,-3.85
15-02-2019,160,161.65,153.35,161.1,1704337,8.3,-1.1
18-02-2019,162.3,163.45,159.2,163,1406407,4.25,-0.7
19-02-2019,164.8,165.8,161.1,163.5,1129885,4.7,1.3
20-02-2019,165,166.5,163.85,164.85,970839,2.65,0.15
21-02-2019,166,170.6,165.2,169.7,1026534,5.4,-3.7
22-02-2019,170,175.25,168,174.55,1467268,7.25,-4.55
25-02-2019,175.45,177.55,173.75,175.55,1240408,3.8,-0.1
26-02-2019,173.55,183.35,172.65,182.7,1906259,10.7,-9.15
27-02-2019,183.35,186.05,176.2,177.2,1506034,9.85,6.15
28-02-2019,179.15,181.5,176.55,177.85,1093755,4.95,1.3
01-03-2019,179.2,184,177.35,180.1,2069035,6.65,-0.9
05-03-2019,183.95,198,181.5,194,4662031,16.5,-10.05
06-03-2019,195.25,198.3,184.75,188.55,1918813,13.55,6.7
07-03-2019,191.9,193.4,187.9,189.2,1599345,5.5,2.7
08-03-2019,188.3,188.3,180.5,181.65,1771451,7.8,6.65
11-03-2019,181.65,184.45,180.95,182.15,1067848,3.5,-0.5
12-03-2019,184,186,183.8,184.75,1099984,2.2,-0.75
13-03-2019,184.75,184.75,180.45,181.6,854216,4.3,3.15
14-03-2019,181,182.3,177.65,179.7,1026593,4.65,1.3
15-03-2019,180,181.8,177.55,180.2,865686,4.25,-0.2
18-03-2019,180.55,184.65,179.65,182.3,875468,5,-1.75
19-03-2019,182,184.5,180.9,182.8,883855,3.6,-0.8
20-03-2019,183.4,183.55,179.3,179.85,661218,4.25,3.55
22-03-2019,180.25,182,174.9,175.4,972209,7.1,4.85
25-03-2019,174.4,174.4,171,171.35,1416422,3.4,3.05
26-03-2019,171.7,173.6,171.7,173.1,744501,1.9,-1.4
27-03-2019,174,175,169,169.9,911314,6,4.1
28-03-2019,169.7,171.45,167.5,170.6,952719,3.95,-0.9
29-03-2019,171,177.1,171,174.3,1293953,6.1,-3.3
01-04-2019,176,189.65,176,187.15,2926691,13.65,-11.15
02-04-2019,188.75,204,185.25,202.8,6793194,18.75,-14.05
03-04-2019,205.3,208.8,199,201.1,5047368,9.8,4.2
04-04-2019,202.35,206.7,201.3,206.1,2517557,5.4,-3.75
05-04-2019,208,209.5,202.45,205.75,2604595,7.05,2.25
08-04-2019,206.5,207.1,198.5,200.65,1540837,8.6,5.85
09-04-2019,200.4,207.55,198.05,206,1955605,9.5,-5.6
10-04-2019,206.4,216.85,205.75,215.65,4318623,11.1,-9.25
11-04-2019,216.6,219.25,213.3,218.2,2539043,5.95,-1.6
12-04-2019,219,219.25,215.05,215.85,1246873,4.2,3.15
15-04-2019,216,232.5,216,231.05,3973896,16.5,-15.05
16-04-2019,234.55,234.55,225.7,230.55,2618949,8.85,4
18-04-2019,232,239.3,230.45,235.9,2879775,8.85,-3.9
22-04-2019,235.9,239.1,231.75,234.65,1869644,7.35,1.25
23-04-2019,235.2,235.75,230.35,231.4,1214691,5.4,3.8
24-04-2019,233,233.05,217.95,223.7,3204172,15.1,9.3
25-04-2019,224.25,225.85,220.25,221.7,1626877,5.6,2.55
26-04-2019,222,222.1,214.05,215.4,1818247,8.05,6.6
30-04-2019,215.55,218.6,210.35,214.2,1304285,8.25,1.35
02-05-2019,212.9,212.9,205.95,207.15,1508324,6.95,5.75
03-05-2019,204.9,213.7,203.2,209.5,2125057,10.5,-4.6
06-05-2019,205,205,198.25,200.1,1876338,6.75,4.9
07-05-2019,201.7,202.8,189.35,190.9,1661163,13.45,10.8
08-05-2019,190.5,190.9,184.25,185.55,1431240,6.65,4.95
09-05-2019,183.6,189.9,182.5,185.8,1884560,7.4,-2.2
10-05-2019,188,190.45,184.4,186,1990534,6.05,2
13-05-2019,186.4,186.9,179.3,180.25,1239156,7.6,6.15
14-05-2019,178.5,185.8,177.9,184.35,1487628,7.9,-5.85
15-05-2019,185.95,186,167.5,169.6,2235133,18.5,16.35
16-05-2019,175.05,177.4,172.8,175.5,1540688,4.6,-0.45
17-05-2019,175.25,177.65,170.2,176.7,1197191,7.45,-1.45
20-05-2019,182,191.95,179.35,190,2433787,12.6,-8
21-05-2019,186.6,186.9,174.1,176.6,4238136,12.8,10
22-05-2019,177.3,180.4,174.9,179.45,1627939,5.5,-2.15
23-05-2019,183.75,183.75,173.3,175,2016592,10.45,8.75
24-05-2019,178,183.4,175.5,182.15,1780051,7.9,-4.15
27-05-2019,182.05,183.55,179.3,181.35,1116689,4.25,0.7
28-05-2019,181.7,185.4,180,180.75,1372157,5.4,0.95
29-05-2019,180.4,180.4,175.45,176.3,1136419,4.95,4.1
30-05-2019,176.65,178.6,173.3,175.05,1247352,5.3,1.6
31-05-2019,176.5,177.6,170.1,172.5,1392833,7.5,4
03-06-2019,170,175.1,168.6,174.55,1562623,6.5,-4.55
04-06-2019,174,177,172.55,173.4,962279,4.45,0.6
06-06-2019,174.1,175.7,169,169.8,1274390,6.7,4.3
07-06-2019,170.5,171.7,167.25,169.4,1083012,4.45,1.1
10-06-2019,170.5,172,163.55,166.15,1539964,8.45,4.35
11-06-2019,167.9,171.85,165.8,170.65,1180007,6.05,-2.75
12-06-2019,171,172,168.15,169,796511,3.85,2
13-06-2019,166,168.8,164.5,167.4,955719,4.3,-1.4
14-06-2019,167.4,167.65,163.25,164.1,905868,4.4,3.3
17-06-2019,164.05,164.1,158,158.85,996593,6.1,5.2
18-06-2019,159,160.95,156.8,158.3,1082680,4.15,0.7
19-06-2019,159.6,163.7,152.5,154.65,1719082,11.2,4.95
20-06-2019,153,159.9,152.1,159.15,1359471,7.8,-6.15
21-06-2019,154.9,160.75,154.55,159,1313159,6.2,-4.1
24-06-2019,159.3,160.15,156.3,159.25,1048423,3.85,0.05
25-06-2019,158.4,160.9,156.8,160.5,1126088,4.1,-2.1
26-06-2019,160.4,162.2,158.8,161.1,1060473,3.4,-0.7
27-06-2019,162,167.9,161.1,165.85,1512713,6.8,-3.85
28-06-2019,165.65,166.8,161.4,162.6,1067539,5.4,3.05
01-07-2019,163.75,169.35,163.25,167.85,1376245,6.1,-4.1
02-07-2019,167,167.25,161.35,163.7,950852,5.9,3.3
03-07-2019,163.7,165,161.75,162.35,941947,3.25,1.35
04-07-2019,162.7,167.8,162.1,165.2,1482509,5.7,-2.5
05-07-2019,165.85,166.9,159.6,160.15,1081086,7.3,5.7
08-07-2019,159.6,159.6,153.5,154.65,1027817,6.1,4.95
09-07-2019,154,157.15,152.65,155.75,1212001,4.5,-1.75
10-07-2019,156.05,156.3,149.15,151.4,2137778,7.15,4.65
11-07-2019,153.35,157.65,150.4,156.9,1818655,7.25,-3.55
12-07-2019,156.4,162.7,153.95,159.3,1654697,8.75,-2.9
15-07-2019,159.5,162.6,157.8,160.95,1010589,4.8,-1.45
16-07-2019,160.2,170.9,159.35,169.85,2071726,11.55,-9.65
17-07-2019,170,172.4,166.3,167.85,1413456,6.1,2.15
18-07-2019,167.7,167.7,160.1,160.8,1133938,7.6,6.9
19-07-2019,162,162.5,153.9,154.8,1378105,8.6,7.2
22-07-2019,155.05,159.25,155.05,156.7,1221780,4.2,-1.65
23-07-2019,157.05,159,154.8,156.2,730430,4.2,0.85
24-07-2019,156.6,157.5,150.4,151.25,995479,7.1,5.35
25-07-2019,151.7,152.55,143.75,144.35,2065053,8.8,7.35
26-07-2019,138.15,150.05,138.15,147.2,4307935,11.9,-9.05
29-07-2019,148.5,148.5,136.95,137.6,2455452,11.55,10.9
30-07-2019,138.4,139.7,132.6,133.45,1969623,7.1,4.95
31-07-2019,134.45,136.3,132.5,135.6,1498182,3.8,-1.15
01-08-2019,135.8,136.25,127.6,129.5,2930418,8.65,6.3
02-08-2019,128.9,133.2,126.8,130.6,2561175,6.4,-1.7
05-08-2019,127.95,128,122.4,123.75,2667848,5.6,4.2
06-08-2019,122.35,126.5,121.85,122.55,2524258,4.65,-0.2
07-08-2019,122.55,123.8,116.4,117.4,3204358,7.4,5.15
08-08-2019,117.65,124.95,116.95,123.95,2522247,8,-6.3
09-08-2019,124.65,126.5,120.7,122.05,3331629,5.8,2.6
13-08-2019,124,126.35,121,122,2602763,5.35,2
14-08-2019,122.3,123.8,118.6,120.85,1927978,5.2,1.45
16-08-2019,120,122.4,117.4,121.2,2166532,5,-1.2
19-08-2019,121.5,122.4,120,120.75,1765704,2.4,0.75
20-08-2019,119.95,124.8,119.1,123.8,2273178,5.7,-3.85
21-08-2019,123.5,123.5,109.55,112.3,4689886,13.95,11.2
22-08-2019,112.2,114,106.2,107.65,2938664,7.8,4.55
23-08-2019,109.5,111.65,107.7,111.15,2780239,3.95,-1.65
26-08-2019,115.65,115.65,106.9,110.5,3503995,8.75,5.15
27-08-2019,112.3,121.4,111.75,120.3,4260357,9.65,-8
28-08-2019,120.75,124.05,114.75,116.35,4908228,9.3,4.4
29-08-2019,116.35,118.45,112.1,114.35,4019911,6.35,2
30-08-2019,115,117.1,112.05,116.75,3112120,5.05,-1.75
03-09-2019,111.65,115.15,111.4,112.65,2167576,3.75,-1
04-09-2019,112.2,113,106,109.5,4774455,7,2.7
05-09-2019,110,119.2,109.5,118.05,5909050,9.7,-8.05
06-09-2019,118.6,122.2,116.65,121.1,4378366,5.55,-2.5
09-09-2019,119.4,122.5,117.3,121.9,3770270,5.2,-2.5
11-09-2019,124.5,135,124.5,134.35,5801021,10.5,-9.85
12-09-2019,134.55,135.3,126.8,127.95,3956061,8.5,6.6
13-09-2019,129.3,131,125.5,129.55,4657739,5.5,-0.25
16-09-2019,128.2,130.35,126.7,128.55,2678417,3.65,-0.35
17-09-2019,128.75,130.45,121.4,121.95,3235096,9.05,6.8
18-09-2019,122.9,125.55,120.5,121.85,3958456,5.05,1.05
19-09-2019,123.5,125.25,121.3,124.25,3022513,3.95,-0.75
20-09-2019,125,137.8,122.7,133.4,6461166,15.1,-8.4
23-09-2019,135,138.45,126.45,127.85,7273047,12,7.15
24-09-2019,128.8,132.15,128,130.85,3455586,4.15,-2.05
25-09-2019,129.95,129.95,121.5,123,3338250,8.45,6.95
26-09-2019,123.95,127.2,122.9,124.5,2647017,4.3,-0.55
27-09-2019,122.5,122.5,118.25,119.9,3069634,4.25,2.6
30-09-2019,120.35,120.8,116.45,117.45,2246672,4.35,2.9
01-10-2019,118.4,119.8,113.05,115.35,3384596,6.75,3.05
03-10-2019,112,123.5,112,122.45,3386018,11.5,-10.45
04-10-2019,124.95,124.95,118.65,119.55,2314731,6.3,5.4
07-10-2019,120.5,120.5,116,117.45,2006001,4.5,3.05
09-10-2019,118.9,121.6,115.5,120.85,2691452,6.1,-1.95
10-10-2019,120,120,116.25,116.9,1853365,3.75,3.1
11-10-2019,117.7,122.15,117.25,121.35,2862153,4.9,-3.65
14-10-2019,122.55,130.05,122.55,127.8,3791400,7.5,-5.25
15-10-2019,127.5,128.95,123.75,126.95,3220165,5.2,0.55
16-10-2019,127.5,128.25,124.5,125.8,2004725,3.75,1.7
17-10-2019,126.95,143.8,125.15,138.15,4292640,18.65,-11.2
18-10-2019,140,141.8,135.55,136.7,4141592,6.25,3.3
22-10-2019,133.4,135.6,129.85,131.9,2916864,5.75,1.5
23-10-2019,130.15,133.85,127.35,132.65,2853041,6.5,-2.5
24-10-2019,133.5,135.1,130.7,133.45,2177527,4.4,0.05
25-10-2019,132.8,133,125.85,126.95,2627744,7.15,5.85
27-10-2019,139.6,150.35,139.6,147.95,1959921,10.75,-8.35
29-10-2019,151.5,175.45,151.5,172.55,9419500,23.95,-21.05
30-10-2019,174.4,175.5,166.6,171.85,5665026,8.9,2.55
31-10-2019,170.85,179.5,169.05,177.7,4722799,10.45,-6.85
01-11-2019,175.1,178,172.5,174.9,2471566,5.5,0.2
04-11-2019,172,178.35,171,172.15,3159469,7.35,-0.15
05-11-2019,172.95,175.7,169.95,172,2451232,5.75,0.95
06-11-2019,172.1,176.4,170.5,174.35,1721329,5.9,-2.25
07-11-2019,175,175,167.8,171.45,2145274,7.2,3.55
08-11-2019,171.45,178.75,167.85,169.15,2074457,10.9,2.3
11-11-2019,169.9,172.9,169.25,172,1379747,3.65,-2.1
13-11-2019,171.5,176,169.4,170.6,1729899,6.6,0.9
14-11-2019,170.9,170.9,165.5,167,1620900,5.4,3.9
15-11-2019,169,173.35,167.45,168.6,1442484,5.9,0.4
18-11-2019,171.7,171.9,169.35,170.05,1302130,2.55,1.65
19-11-2019,171,171.85,167.15,167.75,1268625,4.7,3.25
20-11-2019,168,170.2,166.4,167.25,1505118,3.8,0.75
21-11-2019,167.95,170.1,163.05,164.2,1608999,7.05,3.75
22-11-2019,165.2,165.2,160.6,162.3,1461271,4.6,2.9
25-11-2019,161.75,166.4,160,166.05,2141645,6.4,-4.3
26-11-2019,166.3,167.25,162.55,163.8,2047761,4.7,2.5
27-11-2019,165.8,169.25,165,165.75,1995979,4.25,0.05
28-11-2019,166.35,166.35,163.55,164.8,1143389,2.8,1.55
29-11-2019,164.55,167.7,160.8,161.45,1435477,6.9,3.1
02-12-2019,161,163.05,158.95,161,1001550,4.1,0
03-12-2019,162.7,162.95,157.45,158.15,1348314,5.5,4.55
04-12-2019,158.6,170.4,157.9,169.4,3793325,12.5,-10.8
05-12-2019,170.6,172.2,165.3,166.1,2307039,6.9,4.5
06-12-2019,167.9,168,160.05,161.5,1772914,7.95,6.4
09-12-2019,162.5,166.4,159.85,160.55,2056906,6.55,1.95
10-12-2019,162.2,163.25,159,159.65,1436571,4.25,2.55
11-12-2019,160.8,162.9,157.45,161.75,1178921,5.45,-0.95
12-12-2019,163.55,174.95,162.7,173.35,3442273,12.25,-9.8
13-12-2019,177,183.9,175.5,176.65,4955131,8.4,0.35
16-12-2019,177.8,178.7,173.3,174.9,1320147,5.4,2.9
17-12-2019,176.1,181.2,175.4,180.2,2120189,5.8,-4.1
18-12-2019,181.45,184.5,170.5,174.7,3471732,14,6.75
19-12-2019,174.05,179.95,174.05,179.15,2665639,5.9,-5.1
20-12-2019,180.5,181.65,174.9,176,1491242,6.75,4.5
23-12-2019,176.65,178.95,174.3,176.05,1364591,4.65,0.6
24-12-2019,177.65,177.9,174.7,175.5,1055882,3.2,2.15
26-12-2019,176,176.35,174.1,174.6,714360,2.25,1.4
27-12-2019,175.5,176.95,174.95,176.1,500007,2,-0.6
30-12-2019,177.5,184.25,176.45,183.6,1976823,7.8,-6.1
31-12-2019,184.1,187.9,181.55,185.1,2633656,6.35,-1
01-01-2020,185.85,186.7,183.75,184.4,1461450,2.95,1.45
02-01-2020,187.4,194.6,184.8,193.85,2638338,9.8,-6.45
03-01-2020,193.7,195.6,189.4,191.05,2105309,6.2,2.65
06-01-2020,191,191,185,185.6,1703112,6,5.4
07-01-2020,187.5,189.4,182.3,184.75,1825796,7.1,2.75
08-01-2020,180.45,184.05,180.3,182.6,988610,3.75,-2.15
09-01-2020,185.45,192.8,184.4,192.05,1797437,8.4,-6.6
10-01-2020,192.55,199,190,196.4,2505329,9,-3.85
13-01-2020,194.7,197.8,191.6,196.25,1413069,6.2,-1.55
14-01-2020,196,198.1,193.7,195.75,1383757,4.4,0.25
15-01-2020,195,201.8,194,200.3,1850446,7.8,-5.3
16-01-2020,199.95,200.6,196.9,197.5,1103669,3.7,2.45
17-01-2020,198.15,199.45,195.85,197.25,804157,3.6,0.9
20-01-2020,198.2,201.45,194.3,195.05,1343246,7.15,3.15
21-01-2020,195.8,196.5,190.1,191.45,874312,6.4,4.35
22-01-2020,192.1,192.6,184.25,185.55,1480430,8.35,6.55
23-01-2020,186.1,190.35,183.9,188.4,1612956,6.45,-2.3
24-01-2020,188.4,190.95,185.15,186.45,964477,5.8,1.95
27-01-2020,185.9,186.9,180.95,182.25,1295555,5.95,3.65
28-01-2020,183.45,184.3,174.85,176.1,1602770,9.45,7.35
29-01-2020,178.15,188.8,178.15,188.05,2478539,10.65,-9.9
30-01-2020,191.05,192.5,184.35,186.2,3017661,8.15,4.85
31-01-2020,186.9,188.3,176,176.6,3091501,12.3,10.3
01-02-2020,176,178.75,163.7,165.75,2610193,15.05,10.25
03-02-2020,164,168.15,159.6,163.85,2751952,8.55,0.15
04-02-2020,166.7,168.5,161.3,165.7,2074475,7.2,1
05-02-2020,167.2,185,166.65,183.75,3949446,18.35,-16.55
06-02-2020,182.7,183.2,175.8,178.85,2456672,7.4,3.85
07-02-2020,178,178.1,172.9,173.6,1696538,5.2,4.4
10-02-2020,174,174,168.05,168.95,1441020,5.95,5.05
11-02-2020,172.05,175.15,168.65,169.7,1780317,6.5,2.35
12-02-2020,172,173.3,169,170.8,1353331,4.3,1.2
13-02-2020,171.05,172.25,168.2,169.45,979457,4.05,1.6
14-02-2020,170.3,176.1,168.4,169.1,2121007,7.7,1.2
17-02-2020,170.95,171.2,166.45,169.1,1189932,4.75,1.85
18-02-2020,168.4,168.4,158.6,161.6,2139569,9.8,6.8
19-02-2020,163,164.1,153,158.05,3419137,11.1,4.95
20-02-2020,158.6,162.15,156,158.45,2082091,6.15,0.15
24-02-2020,154.4,155.8,149.55,150.6,1867741,6.25,3.8
25-02-2020,152,153.4,147.45,149.85,2097229,5.95,2.15
26-02-2020,147.65,147.95,143.8,144.5,1794832,4.15,3.15
27-02-2020,144.7,146.7,141.1,145,1913144,5.6,-0.3
28-02-2020,139,139.5,127.05,129,4047465,12.45,10
02-03-2020,133.5,133.8,123.8,125.2,4629842,10,8.3
03-03-2020,126.75,131.3,125.25,130.4,3144747,6.05,-3.65
04-03-2020,130.5,130.5,120.55,126.3,3369295,9.95,4.2
05-03-2020,128,129.8,124.3,125.65,4052208,5.5,2.35
06-03-2020,114.3,117.25,112.95,114.25,4170651,4.3,0.05
09-03-2020,110,110.2,104.35,105.8,3906384,5.85,4.2
11-03-2020,105.2,106.5,97.75,99,5742651,8.75,6.2
12-03-2020,92.7,94.9,85.75,88,8037400,9.15,4.7
13-03-2020,82.2,94.2,78,89.75,10613571,16.2,-7.55
16-03-2020,86.75,87.65,82.2,82.95,3827222,5.45,3.8
17-03-2020,82.7,84.8,77.5,77.9,5206037,7.3,4.8
18-03-2020,80,80.5,75.1,75.5,3815807,5.4,4.5
19-03-2020,70.6,76.5,68.8,72.95,5387940,7.7,-2.35
20-03-2020,74.3,79.55,72.7,77.4,4843183,6.85,-3.1
23-03-2020,71,72.1,69.7,69.7,1526872,2.4,1.3
24-03-2020,70,71.2,63.6,68.6,2487156,7.6,1.4
25-03-2020,68.9,71.7,67.1,70.2,2611383,4.6,-1.3
26-03-2020,71.7,73.5,68.3,70.8,2888342,5.2,0.9
27-03-2020,71.05,75.85,69.4,70.65,2962238,6.45,0.4
30-03-2020,70.65,70.65,67.4,68.15,2142665,3.25,2.5
31-03-2020,71.45,71.45,68.2,71.05,2418642,3.25,0.4
01-04-2020,71.1,71.6,67.6,67.95,2648532,4,3.15
03-04-2020,68,68,64.8,65.3,1899909,3.2,2.7
07-04-2020,68.95,69,66.95,67.35,1972661,2.05,1.6
08-04-2020,67.05,71.55,65.45,67.6,4414992,6.1,-0.55
09-04-2020,69.55,76.2,69.2,74.6,8287109,7,-5.05
13-04-2020,75,77.6,72.75,74.3,3731307,4.85,0.7
15-04-2020,75,78.65,71.95,72.85,5393926,6.7,2.15
16-04-2020,72,75.4,71.1,74.65,2529141,4.3,-2.65
17-04-2020,78,78.25,74.75,76.85,3789325,3.5,1.15
20-04-2020,77,83.35,75.45,80.5,7046533,7.9,-3.5
21-04-2020,78.8,78.8,74,74.75,2869173,4.8,4.05
22-04-2020,74.75,76.65,72.6,75.9,2633362,4.05,-1.15
23-04-2020,76.55,78.65,75.3,75.65,3975655,3.35,0.9
24-04-2020,75.3,76.9,74,74.15,2248898,2.9,1.15
27-04-2020,76,76.15,74.8,75.25,1233681,1.35,0.75
28-04-2020,75.9,78.1,75.3,76.95,1861672,2.8,-1.05
29-04-2020,77.7,79.3,76.75,78.15,2109471,2.55,-0.45
30-04-2020,85.95,93.75,85.95,93.1,7718772,7.8,-7.15
04-05-2020,87.45,87.45,81.5,83.9,3997604,5.95,3.55
05-05-2020,86.3,86.75,80.4,80.95,2836210,6.35,5.35
06-05-2020,81.8,84,80.4,83.1,2542246,3.6,-1.3
07-05-2020,83.25,84.65,82.15,82.5,1732595,2.5,0.75
08-05-2020,84.7,84.85,80.55,81.05,1883318,4.3,3.65
11-05-2020,81.85,90.45,81.55,86.1,7627363,8.9,-4.25
12-05-2020,86.1,87.7,83.55,86.15,3908399,4.15,-0.05
13-05-2020,94.1,94.1,86.3,87.25,3496462,7.8,6.85
14-05-2020,84.4,85.3,82.65,83.8,2830820,2.65,0.6
15-05-2020,85,85.35,82.9,84.4,1864129,2.45,0.6
18-05-2020,84.7,84.7,79.6,80.65,2070292,5.1,4.05
19-05-2020,83,85.6,81.55,81.8,2737879,4.05,1.2
20-05-2020,81.8,84.4,80.8,83.45,1649338,3.6,-1.65
21-05-2020,83.2,85.15,83,84.05,2046339,2.15,-0.85
22-05-2020,83.45,83.9,82,82.75,1374618,1.9,0.7
26-05-2020,83.85,85.65,82.65,83.1,1625707,3,0.75
27-05-2020,84.25,86,84,84.6,2244804,2,-0.35
28-05-2020,85.65,88.05,84.55,86.85,3387527,3.5,-1.2
29-05-2020,85.8,87.45,84.65,86.9,3186012,2.8,-1.1
01-06-2020,89,91.15,88.05,89.6,3930444,3.1,-0.6
02-06-2020,89.4,97.3,89.4,96.5,6287956,7.9,-7.1
03-06-2020,100,101.45,97.5,98.8,4711300,3.95,1.2
04-06-2020,99.3,101.3,96.75,98.5,3361121,4.55,0.8
05-06-2020,100.9,112.4,99.6,110.7,8649199,12.8,-9.8
08-06-2020,114.8,119.05,113.05,115.5,7798382,6,-0.7
09-06-2020,117.5,117.75,110.35,111.45,4317176,7.4,6.05
10-06-2020,110.9,113,108.45,111.5,4370354,4.55,-0.6
11-06-2020,111,111.1,105,106.05,3840042,6.1,4.95
12-06-2020,99.1,106.2,98.2,105.25,5932333,8,-6.15
15-06-2020,104.85,104.85,100.05,100.45,4006860,4.8,4.4
16-06-2020,101.25,103.5,92,94.75,10845171,11.5,6.5
17-06-2020,92.8,96.4,92,95.45,8478385,4.4,-2.65
18-06-2020,94.8,97.2,94.05,96.4,7932391,3.15,-1.6
19-06-2020,96.4,103.8,95.6,102.45,11479377,8.2,-6.05
22-06-2020,103.8,104.9,101,102.65,3421333,3.9,1.15
23-06-2020,102.8,106,101.85,104.35,4984804,4.15,-1.55
24-06-2020,104.95,110.8,104.2,104.75,5491674,6.6,0.2
25-06-2020,104,106.2,101.6,103.85,3238756,4.6,0.15
26-06-2020,105.65,106,100.45,101.55,4535729,5.55,4.1
29-06-2020,101,101.3,98.05,99.5,3522342,3.25,1.5
30-06-2020,101.5,102.15,97.35,98.25,3423499,4.8,3.25
01-07-2020,98.75,101.4,98.2,100.7,3065502,3.2,-1.95
02-07-2020,101,102.95,100.45,101.55,1870677,2.5,-0.55
03-07-2020,102.7,106.35,102.1,103.45,3868211,4.25,-0.75
06-07-2020,104.2,109.8,104.2,109,4458844,5.6,-4.8
07-07-2020,110,112.6,108.05,109.05,4132270,4.55,0.95
08-07-2020,109.8,110.9,104.4,105.45,2788387,6.5,4.35
09-07-2020,106.5,108.9,104.6,107,4152629,4.3,-0.5
10-07-2020,106.85,108.6,105.5,107.55,4122223,3.1,-0.7
13-07-2020,109,112.1,106.85,107.95,3355503,5.25,1.05
14-07-2020,106.45,107.55,104.1,105.15,2206560,3.45,1.3
15-07-2020,106.65,106.85,102.5,103.2,2461474,4.35,3.45
16-07-2020,104,104,100.65,103,2300058,3.35,1
17-07-2020,103.5,106.85,103.3,106.4,3180286,3.55,-2.9
20-07-2020,106.45,106.45,103.8,105,2543174,2.65,1.45
21-07-2020,106,109.7,105.55,108.5,3236032,4.15,-2.5
22-07-2020,108.6,109.75,104.35,105.15,3915097,5.4,3.45
23-07-2020,105.1,106.45,104.65,106.05,3201397,1.8,-0.95
24-07-2020,104.9,105.5,102.8,103.75,3587146,2.7,1.15
27-07-2020,104.15,104.6,101.35,101.7,2034349,3.25,2.45
28-07-2020,102.5,107.2,102.2,106.5,2764547,5,-4
29-07-2020,107.1,108.65,104.85,105.8,3050391,3.8,1.3
30-07-2020,106.15,106.75,103,103.7,2137259,3.75,2.45
31-07-2020,103.9,105.4,102.35,104.7,2420006,3.05,-0.8
03-08-2020,103.4,114.4,103,113.05,15667312,11.4,-9.65
04-08-2020,113.05,115.1,110.8,111.4,5067642,4.3,1.65
05-08-2020,112,117.65,111.95,115.5,4145395,5.7,-3.5
06-08-2020,115.6,117.7,115.5,116.8,3698124,2.2,-1.2
07-08-2020,117,119.7,116.25,119.1,2591596,3.45,-2.1
10-08-2020,119.95,124.65,119.55,123.8,5372280,5.1,-3.85
11-08-2020,124.75,125.75,121.45,122.3,2149180,4.3,2.45
12-08-2020,121.35,126.35,120.65,125.3,2389349,5.7,-3.95
13-08-2020,126.55,131.8,124.35,131.1,5537095,7.45,-4.55
14-08-2020,131.85,132.6,123.75,124.55,4055261,8.85,7.3
17-08-2020,124.75,126.3,120.7,123.5,3380248,5.6,1.25
18-08-2020,124,127.5,123.6,125.6,3056734,3.9,-1.6
19-08-2020,127.3,127.6,124.75,125.15,4228289,2.85,2.15
20-08-2020,123.7,125.65,121.25,121.7,2741368,4.4,2
21-08-2020,123.95,124.3,120.2,120.95,2204272,4.1,3
24-08-2020,121.5,122.95,120.8,121.2,2362543,2.15,0.3
25-08-2020,121.55,128.3,121.4,127.05,4641160,6.9,-5.5
26-08-2020,129.8,139,128.4,137.85,9507010,10.6,-8.05
27-08-2020,139.85,146.8,139.35,144.35,8473638,7.45,-4.5
28-08-2020,143.25,146.15,137,142.7,7010665,9.15,0.55
31-08-2020,145,147.9,138.25,143.2,6422588,9.65,1.8
01-09-2020,144,145.1,140.4,143.8,2247315,4.7,0.2
02-09-2020,145.45,151.8,141.5,150.4,3021832,10.3,-4.95
03-09-2020,151.6,155.15,149.7,151.75,6791110,5.45,-0.15
04-09-2020,147.4,153.6,146,147.75,5149109,7.6,-0.35
07-09-2020,150,152,148.1,149.35,3850308,3.9,0.65
08-09-2020,149.5,149.7,141.2,142.25,3355452,8.5,7.25
09-09-2020,141,141.7,135.75,140.25,3186166,5.95,0.75
10-09-2020,142.6,144.25,138,143.25,4233177,6.25,-0.65
11-09-2020,143,146.7,141.7,144.3,3077106,5,-1.3
14-09-2020,147.5,151,145.5,148.4,5280050,5.5,-0.9
15-09-2020,149.6,149.6,146.55,148.3,2031221,3.05,1.3
16-09-2020,149.05,154.25,148.6,151.6,3611848,5.65,-2.55
17-09-2020,150.9,150.9,146.2,147.6,2972214,4.7,3.3
18-09-2020,149.9,150.55,146.25,147.9,1838584,4.3,2
21-09-2020,148,148,135.5,137.4,3307721,12.5,10.6
22-09-2020,138,138.25,129.7,133.1,3852935,8.55,4.9
23-09-2020,135.95,136.8,128,131.35,3255741,8.8,4.6
24-09-2020,127.8,128.8,122.15,122.8,2622477,6.65,5
25-09-2020,125,128.35,123.1,127.35,3392464,5.25,-2.35
28-09-2020,129.25,134.3,127.4,132.85,4486014,6.9,-3.6
29-09-2020,135.2,136.1,130.75,131.7,3460244,5.35,3.5
30-09-2020,133,134.4,130.5,133.3,1485659,3.9,-0.3
01-10-2020,135.7,136.5,132.6,133.5,1674311,3.9,2.2
05-10-2020,137,137.5,132.05,133.9,2800303,5.45,3.1
06-10-2020,137.8,145.7,135.9,144.85,10190922,9.8,-7.05
07-10-2020,144.1,144.5,139.8,141,4032654,4.7,3.1
08-10-2020,142.8,143.35,139.65,140.9,2491175,3.7,1.9
09-10-2020,141.4,142.65,138,138.45,1423879,4.65,2.95
12-10-2020,139.55,139.85,133.05,135.85,2787824,6.8,3.7
13-10-2020,135.55,137.1,132.85,134.1,1370296,4.25,1.45
14-10-2020,134,134.6,128.8,130.7,1752029,5.8,3.3
15-10-2020,131.9,134.35,126.5,127,3983711,7.85,4.9
16-10-2020,129.8,130,126,127.7,3339831,4,2.1
19-10-2020,130.7,130.7,127.85,128.25,1667032,2.85,2.45
20-10-2020,128,130.25,126.4,129.65,2072303,3.85,-1.65
21-10-2020,131.25,133,128.25,130.25,3493665,4.75,1
22-10-2020,129.05,134.5,128.45,133.45,3949368,6.05,-4.4
23-10-2020,134.85,138.9,134.15,137,3019050,4.75,-2.15
26-10-2020,139.4,140.75,131.2,133.65,6481648,9.55,5.75
27-10-2020,134,136.8,131,135.7,2354638,5.8,-1.7
28-10-2020,138.2,143.15,133.5,134.8,10895926,9.65,3.4
29-10-2020,132.4,133,130,131.9,3900882,3,0.5
30-10-2020,132.9,134.5,130.3,132.7,3535203,4.2,0.2
02-11-2020,133.7,134,131.1,132.85,3930814,2.9,0.85
03-11-2020,134.85,137.35,133.65,134.1,4349169,3.7,0.75
04-11-2020,134.65,137,134,135.85,4467240,3,-1.2
05-11-2020,136.95,138,136,137.65,1869117,2,-0.7
06-11-2020,137.9,142.25,137.75,138.9,4560932,4.5,-1
09-11-2020,140.35,141.5,138.75,141,1864786,2.75,-0.65
10-11-2020,143.25,146.55,142.7,146,6295710,3.85,-2.75
11-11-2020,146,151.4,145.75,150.95,7167086,5.65,-4.95
12-11-2020,150,153.8,150,151.15,3728837,3.8,-1.15
13-11-2020,150,150,145.5,146.35,1759776,4.5,3.65
14-11-2020,149,150.75,147.9,148.9,711169,2.85,0.1
17-11-2020,151.7,159.1,151.7,158,7207341,7.4,-6.3
18-11-2020,158.6,174.95,158.6,173.55,10988480,16.35,-14.95
19-11-2020,171.8,176.35,166.6,167.75,7800401,9.75,4.05
20-11-2020,170,171.55,165.55,169,3049951,6,1
23-11-2020,169.7,173.9,165.6,170.6,2467428,8.3,-0.9
24-11-2020,172.3,175.55,171.2,172,2891967,4.35,0.3
25-11-2020,175,176.85,169.25,171.4,2574062,7.6,3.6
26-11-2020,171.7,174.9,171.05,173.75,1363494,3.85,-2.05
27-11-2020,174.45,183.75,174.45,180.25,7612050,9.3,-5.8
01-12-2020,183.25,183.25,178.1,179.7,2381640,5.15,3.55
02-12-2020,184.1,187.3,181.15,183.55,5202699,6.15,0.55
03-12-2020,185,186,183.3,184.8,2377418,2.7,0.2
04-12-2020,186.7,188.75,182.25,184.15,3479711,6.5,2.55
07-12-2020,184.7,186.45,182.8,183.55,3447221,3.65,1.15
08-12-2020,185.35,185.7,178.95,181.75,2359362,6.75,3.6
09-12-2020,182.65,186.4,181.8,182.7,2954649,4.6,-0.05
10-12-2020,182.7,182.75,176.45,177.6,3178214,6.3,5.1
11-12-2020,178.1,181.45,176.6,178.8,3009313,4.85,-0.7
14-12-2020,181,181,176.8,177.6,3755794,4.2,3.4
15-12-2020,176.8,179.5,173.3,178.8,1890994,6.2,-2
16-12-2020,181,183.8,180.3,182.5,3455087,3.5,-1.5
17-12-2020,183.6,184.15,180.65,181.65,1878837,3.5,1.95
18-12-2020,181.1,181.45,176.7,180.5,1595408,4.75,0.6
21-12-2020,176.5,177.5,162.45,164.55,3742380,15.05,11.95
22-12-2020,164,169.1,156.55,165.05,8247143,12.55,-1.05
23-12-2020,165.7,169.7,163.35,169.2,6186133,6.35,-3.5
24-12-2020,171.5,177.9,171.5,175.9,5228776,6.4,-4.4
28-12-2020,180,187.45,179,186.3,4106762,8.45,-6.3
29-12-2020,188,188.6,181.05,183.4,3312073,7.55,4.6
30-12-2020,183.3,185.3,180.45,184,1478809,4.85,-0.7
31-12-2020,185,187.5,182.85,183.7,2122018,4.65,1.3
01-01-2021,185.25,187,184.55,186.45,1158750,2.45,-1.2
04-01-2021,192,193,188.8,191.2,2832471,4.2,0.8
05-01-2021,187,193.95,185.05,193.25,3650476,8.9,-6.25
06-01-2021,194.05,197.45,190.7,195.35,5666225,6.75,-1.3
07-01-2021,197,200.35,195.45,196.7,4978434,4.9,0.3
08-01-2021,199.15,201.45,197.25,198.1,3221977,4.2,1.05
11-01-2021,199.8,225,199.55,220.1,7959649,25.45,-20.3
12-01-2021,228.8,249.5,224.05,237.8,20541348,25.45,-9
13-01-2021,243.3,248.8,238.55,242.5,11660473,10.25,0.8
14-01-2021,243,249.8,238.6,245.15,4130572,11.2,-2.15
15-01-2021,246.35,264.6,242.5,260.4,17370425,22.1,-14.05
18-01-2021,262.4,262.4,241.15,245.65,11550376,21.25,16.75
19-01-2021,251.7,261.7,251.4,258.85,6386190,10.3,-7.15
20-01-2021,260,277.6,259,274.9,13752988,18.6,-14.9
21-01-2021,282,299,280.1,290.45,17635185,18.9,-8.45
22-01-2021,296,306.9,278.3,289.4,14867458,28.6,6.6
25-01-2021,299.9,299.9,277.4,279.05,12225688,22.5,20.85
27-01-2021,278,278,265.75,267.4,6060640,12.25,10.6
28-01-2021,259.8,273.45,259,266.85,7406729,14.45,-7.05
29-01-2021,273.4,278.85,260.6,262.6,10077046,18.25,10.8
01-02-2021,270.4,281.95,255.55,279.75,9091062,26.4,-9.35
02-02-2021,292.75,332.4,290,322.3,22854765,42.4,-29.55
03-02-2021,339.4,341.85,326.25,330.95,16250000,15.6,8.45
04-02-2021,330.7,334.4,322.5,326.1,6925075,11.9,4.6
05-02-2021,328.9,329.9,312.85,315.9,5787491,17.05,13
08-02-2021,318.95,339.25,316.8,335.85,5875468,22.45,-16.9
09-02-2021,337,338.55,322.15,325.1,5406350,16.4,11.9
10-02-2021,325.55,332.5,319.5,328.95,7313560,13,-3.4
11-02-2021,326.05,331.35,323,324.9,4273371,8.35,1.15
12-02-2021,326.55,330.4,321.35,325.25,3578496,9.05,1.3
15-02-2021,330.4,335.6,324.05,333.3,3847809,11.55,-2.9
16-02-2021,335.8,337.9,327.6,329.05,3878347,10.3,6.75
17-02-2021,327,334.25,325.55,330.1,2708521,8.7,-3.1
18-02-2021,331.5,331.9,317.65,323.3,2511859,14.25,8.2
19-02-2021,322.5,322.5,301.5,312,4202696,21,10.5
22-02-2021,311.55,314,302.15,304.15,5997129,11.85,7.4
23-02-2021,308,328.8,308,324.1,6654359,20.8,-16.1
24-02-2021,326.3,330,305.1,322.25,15105742,24.9,4.05
25-02-2021,325.4,334.5,323.3,333.1,7349275,11.2,-7.7
26-02-2021,324,333,318.8,323,4893904,14.2,1
01-03-2021,329.9,331.85,322.55,328.1,5221906,9.3,1.8
02-03-2021,330.7,347.1,326.65,345.7,6450114,20.45,-15
03-03-2021,348.7,357,346.6,348.5,4442426,10.4,0.2
04-03-2021,340.8,345.3,337.25,339.2,5215719,8.05,1.6
05-03-2021,334.5,337.8,319.8,325.1,7493136,18,9.4
08-03-2021,331.5,331.55,318.85,321.25,4669627,12.7,10.25
09-03-2021,325.3,328.25,309.7,315.2,6082763,18.55,10.1
10-03-2021,320,324.4,316.75,321.35,3898952,7.65,-1.35
12-03-2021,325.9,326.35,314.3,317.45,2103674,12.05,8.45
15-03-2021,320.4,320.65,310.1,318.45,2305974,10.55,1.95
16-03-2021,320.3,321.8,315.3,319.75,1860583,6.5,0.55
17-03-2021,317,320,304,305.85,2202123,16,11.15
18-03-2021,310.6,316.5,299.75,306.9,5997189,16.75,3.7
19-03-2021,303.3,311,290.35,308.95,5202269,20.65,-5.65
22-03-2021,308.9,308.9,300.1,303.05,2657465,8.8,5.85
23-03-2021,305,312.1,304.1,307.3,3010510,8,-2.3
24-03-2021,304,305.05,293.3,294.45,3362176,11.75,9.55
25-03-2021,294.3,294.3,282.35,285.5,4386750,11.95,8.8
26-03-2021,292,301.5,290.4,296.3,3688101,11.1,-4.3
30-03-2021,300,301.4,292.7,296.95,2471291,8.7,3.05
31-03-2021,298.65,307.5,297.55,301.85,3236502,9.95,-3.2
01-04-2021,306.5,309.8,303.05,307.6,3723767,6.75,-1.1
05-04-2021,307.9,311.65,297.2,305.05,4112463,14.45,2.85
06-04-2021,305.6,313.9,304.75,307.65,5334339,9.15,-2.05
07-04-2021,307.25,310.75,305,307.8,2602498,5.75,-0.55
08-04-2021,308.55,319.7,307.85,313.85,6162512,11.85,-5.3
09-04-2021,314,325,312.6,318.15,3582021,12.4,-4.15
12-04-2021,308.1,308.1,284,286.6,5773388,24.1,21.5
13-04-2021,287.7,304.5,280.55,302.7,7813158,23.95,-15
15-04-2021,303.2,307.5,296.55,303.5,3675061,10.95,-0.3
16-04-2021,302.4,315,300.3,309.9,3540808,14.7,-7.5
19-04-2021,292,304.55,292,300.95,3297146,12.55,-8.95
20-04-2021,307.8,308.1,294.2,297.95,2572432,13.9,9.85
22-04-2021,294.9,302.5,292.25,294.55,3011818,10.25,0.35
23-04-2021,292,299.95,290.75,294,2596469,9.2,-2
26-04-2021,296.4,299,294.5,295.4,1384321,4.5,1
27-04-2021,295.35,302.45,295.35,301.45,1230925,7.1,-6.1
28-04-2021,302.55,309.6,302.55,305.9,1987473,7.05,-3.35
29-04-2021,308,310.2,301.35,301.85,1683634,8.85,6.15
30-04-2021,299,301.3,292.85,293.95,1677637,8.45,5.05
03-05-2021,285.65,294.7,285.15,293,2809702,9.55,-7.35
04-05-2021,296.6,299.65,288.1,289.35,2831512,11.55,7.25
05-05-2021,293.9,293.9,288.6,291.5,1498517,5.3,2.4
06-05-2021,290.55,301.95,290,301.15,2064712,11.95,-10.6
07-05-2021,303.2,305.85,300.45,302.8,1639643,5.4,0.4
10-05-2021,304.5,315.5,304,314.8,4830939,11.5,-10.3
11-05-2021,309.95,320.7,308.25,315.65,2649170,12.45,-5.7
12-05-2021,317.1,334.7,316.95,325.85,8847706,17.75,-8.75
14-05-2021,331,331,310.2,312.35,3940100,20.8,18.65
17-05-2021,315.95,323.8,311.5,321.1,3453593,12.3,-5.15
18-05-2021,326,336.55,324.1,332.35,4587490,12.45,-6.35
19-05-2021,315,322.95,312.15,314.5,5237832,10.8,0.5
20-05-2021,314.9,316.5,306.1,307.75,3943060,10.4,7.15
21-05-2021,312,315.5,309.5,313.1,2897263,6,-1.1
24-05-2021,313.85,315.95,310.15,311.8,1447771,5.8,2.05
25-05-2021,315,318.95,313.85,315.3,1704904,5.1,-0.3
26-05-2021,316.8,319.9,315,315.5,2232152,4.9,1.3
27-05-2021,316.9,323.35,316.9,318.6,2040885,6.45,-1.7
28-05-2021,322.85,324.4,316.55,318.95,1491332,7.85,3.9
31-05-2021,319.4,319.5,312.1,318.7,2185714,7.4,0.7
01-06-2021,319.65,325.7,317.4,318.1,1479190,8.3,1.55
02-06-2021,316.2,324.25,315.5,323,2196974,8.75,-6.8
03-06-2021,324.15,327.5,323.65,325.45,2157151,3.85,-1.3
04-06-2021,325.45,336.9,324.5,334.95,1897098,12.4,-9.5
07-06-2021,338.55,351,338.55,345.5,5575585,12.45,-6.95
08-06-2021,346.75,356.5,337.35,352.85,3488224,19.15,-6.1
09-06-2021,356.5,358.8,339.6,343.25,4480912,19.2,13.25
10-06-2021,345.65,347.85,342.5,344.6,1154435,5.35,1.05
11-06-2021,346.45,352.9,344.75,350.75,1605772,8.15,-4.3
14-06-2021,350,357.8,341.05,356,3012354,16.75,-6
15-06-2021,356,360.65,351.2,352.65,2697386,9.45,3.35
16-06-2021,350.8,355.95,348,349.3,1196626,7.95,1.5
17-06-2021,348,352.9,342.4,345.6,1243844,10.5,2.4
18-06-2021,346,347.2,329.05,337.55,2257795,18.15,8.45
21-06-2021,330.2,335.8,326.15,334.35,2295826,9.65,-4.15
22-06-2021,337,344.2,336.3,337.95,1996277,7.9,-0.95
23-06-2021,341.45,343.25,334.4,335.25,1747606,8.85,6.2
24-06-2021,335.7,337.4,333.45,334.55,821763,3.95,1.15
25-06-2021,336.5,342.85,336.1,339.55,1175807,6.75,-3.05
28-06-2021,340.8,344.9,337.5,342.9,999967,7.4,-2.1
29-06-2021,344.4,346.5,339.6,341.55,1780699,6.9,2.85
30-06-2021,342,345.2,338.8,339.55,1039566,6.4,2.45
01-07-2021,341.65,347.5,341.3,344.2,1364768,6.2,-2.55
02-07-2021,345.9,345.9,340.6,344.85,772457,5.3,1.05
05-07-2021,348.8,350,344.05,346.05,948393,5.95,2.75
06-07-2021,348.35,358.1,311.45,316.95,7377141,46.65,31.4
07-07-2021,316,319,306.3,317.05,7977411,12.7,-1.05
08-07-2021,315.4,315.4,305,306.3,4117874,10.4,9.1
09-07-2021,306.8,308.9,302,306.35,2352249,6.9,0.45
12-07-2021,309.9,311.9,306.25,307.45,3518291,5.65,2.45
13-07-2021,310.2,312.2,308.2,310.9,1510539,4,-0.7
14-07-2021,310.5,313.3,308.55,309.45,1038386,4.75,1.05
15-07-2021,310.9,312.85,307.55,310.2,1004468,5.3,0.7
16-07-2021,310.5,315.4,310.5,311.25,1138753,4.9,-0.75
19-07-2021,309.7,310.35,306.25,308.7,1656920,4.1,1
20-07-2021,307.45,308.1,301.1,302.05,1300956,7,5.4
22-07-2021,306.15,307,301.1,302.6,811211,5.9,3.55
23-07-2021,301.8,301.8,295,295.65,3079947,6.8,6.15
26-07-2021,295.15,297,291.05,293.1,2300558,5.95,2.05
27-07-2021,292.9,297.6,288.7,291.3,14370419,8.9,1.6
28-07-2021,290.85,290.85,283.65,284.45,1243902,7.2,6.4
29-07-2021,287.85,295.4,287.65,293,4643444,7.75,-5.15
30-07-2021,294.45,299.9,293.3,293.95,2430560,6.6,0.5
02-08-2021,300.4,300.4,295.55,296.8,883983,4.85,3.6
03-08-2021,299.3,304.4,297.8,303.75,1444918,6.6,-4.45
04-08-2021,305,306.45,297.1,298.2,1908258,9.35,6.8
05-08-2021,295.95,300.75,292.75,299.7,1859471,8,-3.75
06-08-2021,300,303.35,297.8,300,1325071,5.55,0
09-08-2021,301.3,304.3,296.1,298.15,704030,8.2,3.15
10-08-2021,298.3,300.05,291,294.25,1364777,9.05,4.05
11-08-2021,294.75,297.8,286.35,295.45,1739475,11.45,-0.7
12-08-2021,297.85,307.5,297.15,306.05,3392726,10.35,-8.2
13-08-2021,308.95,311.2,303.15,307.1,3090963,8.05,1.85
16-08-2021,306.5,307.9,303,303.75,522253,4.9,2.75
17-08-2021,303.3,303.3,292.95,297.65,1725463,10.35,5.65
18-08-2021,297.9,297.9,292.7,293.35,679137,5.2,4.55
20-08-2021,290,290.65,281,283.2,1312346,9.65,6.8
23-08-2021,286.55,288.25,275,276.95,9423948,13.25,9.6
24-08-2021,278.1,281.45,268.5,279.85,2855844,12.95,-1.75
25-08-2021,282,289.15,282,284.35,2138539,7.15,-2.35
26-08-2021,285.4,287.4,281.4,284.4,744770,6,1
27-08-2021,282.9,286.55,281.7,285.75,986385,4.85,-2.85
30-08-2021,289.3,293.4,289.3,291.9,1460028,4.1,-2.6
31-08-2021,292.25,292.25,286.2,287.35,1023774,6.05,4.9
01-09-2021,288.5,297.3,287.35,295.2,2855448,9.95,-6.7
02-09-2021,295.7,296.3,291.8,293.1,584219,4.5,2.6
03-09-2021,292.5,296.45,292.4,295.5,721619,4.05,-3
06-09-2021,297,299,296,297.4,538781,3,-0.4
07-09-2021,297.95,297.95,291,294.65,478138,6.95,3.3
08-09-2021,294.4,298.7,291.65,295.05,1129259,7.05,-0.65
09-09-2021,294,303.5,293.65,298.8,1309761,9.85,-4.8
13-09-2021,299.6,301.9,295.5,301.1,543880,6.4,-1.5
14-09-2021,303,307.15,302.4,306.05,915452,4.75,-3.05
15-09-2021,306.25,312.95,306.2,311.95,995025,6.75,-5.7
16-09-2021,314,314.95,307.8,311.65,2336803,7.15,2.35
17-09-2021,312,315,306,308.5,2297730,9,3.5
20-09-2021,305.7,310.15,297.45,299.05,891677,12.7,6.65
21-09-2021,297.6,302.6,293.05,301.85,1999867,9.55,-4.25
22-09-2021,303.05,313.7,303.05,310.05,1115096,10.65,-7
23-09-2021,312.5,324,312.5,321.55,4110399,11.5,-9.05
24-09-2021,324.8,327,316,317.95,2761697,11,6.85
27-09-2021,322.3,333.5,322.3,331.55,5061814,11.2,-9.25
28-09-2021,333.75,336,324.7,329.25,1480762,11.3,4.5
29-09-2021,325.5,332.9,324,330.35,926283,8.9,-4.85
30-09-2021,331,337.85,329.15,333.2,2600457,8.7,-2.2
01-10-2021,333,337.2,325.8,333.35,1353956,11.4,-0.35
04-10-2021,337.4,343.25,335.05,341.9,3235536,8.2,-4.5
05-10-2021,342,351.4,339.25,345.05,1664700,12.15,-3.05
06-10-2021,347.8,348.75,334.9,336,2265775,13.85,11.8
07-10-2021,341.4,380.55,339.95,376.4,7446833,40.6,-35
08-10-2021,387,398,380,382.95,4488906,18,4.05
11-10-2021,390.25,420.75,387.85,415.65,10196646,32.9,-25.4
12-10-2021,424.7,435.65,413.7,420.8,4962130,21.95,3.9
13-10-2021,462.85,519.95,462.85,506.75,8905315,57.1,-43.9
14-10-2021,532.4,532.4,491.95,497.45,5322376,40.45,34.95
18-10-2021,507.8,524.9,503.5,509.6,3364254,21.4,-1.8
19-10-2021,514.5,517.4,476.05,482.1,2537100,41.35,32.4
20-10-2021,481.15,497,471,487.05,6543389,26,-5.9
21-10-2021,499,510,485.65,508,4134357,24.35,-9
22-10-2021,510,510.8,487.5,490.9,2078824,23.3,19.1
25-10-2021,494.7,494.9,473.4,479.75,1301053,21.5,14.95
26-10-2021,480.1,510,480.1,508.6,2199229,29.9,-28.5
27-10-2021,507.95,507.95,495.9,497.65,1084453,12.05,10.3
28-10-2021,495,495,478.6,480.95,1011294,16.4,14.05
29-10-2021,482,491.25,468.05,483.75,1305040,23.2,-1.75
01-11-2021,486.9,489.7,470,485.7,2345670,19.7,1.2
02-11-2021,505.15,509.95,486.45,487.8,2144313,23.5,17.35
03-11-2021,484.9,495.05,482,485.05,1012119,13.05,-0.15
04-11-2021,490.5,493.65,488.35,489.65,527021,5.3,0.85
08-11-2021,493.9,504.9,490.45,501.45,1270353,14.45,-7.55
09-11-2021,503.2,520.5,503.2,509.75,3932791,17.3,-6.55
10-11-2021,507.75,515.9,500.05,510.8,1864729,15.85,-3.05
11-11-2021,511.3,519,501.05,503.25,1816299,17.95,8.05
12-11-2021,507,509.8,497.5,507,816526,12.3,0
15-11-2021,507,514.75,504.3,505.35,746386,10.45,1.65
16-11-2021,507.2,526.85,506.7,518.8,2415265,20.15,-11.6
17-11-2021,521.7,536.5,520.05,530.3,2141051,16.45,-8.6
18-11-2021,532,534.35,501.35,509.9,3714327,33,22.1
22-11-2021,511.2,512.15,478.5,486.15,3027500,33.65,25.05
23-11-2021,485,499.2,476.8,495.4,1911753,22.4,-10.4
24-11-2021,499.65,502,485.8,488.7,847176,16.2,10.95
25-11-2021,491.1,495,486.35,492.75,1112012,8.65,-1.65
26-11-2021,485.05,486.95,458,460.25,4111286,28.95,24.8
29-11-2021,454.2,470.35,442.9,461.25,4104330,27.45,-7.05
30-11-2021,465.55,478,455.8,458.8,1287893,22.2,6.75
01-12-2021,468,478.5,463.7,475.35,2028162,14.8,-7.35
02-12-2021,479.85,480.2,471.75,479,1538594,8.45,0.85
03-12-2021,479.15,484.9,477.4,480,1120592,7.5,-0.85
06-12-2021,482.4,482.4,465.95,467.3,1014419,16.45,15.1
07-12-2021,476.4,484.95,471.05,481.9,1706128,13.9,-5.5
08-12-2021,484.95,495.85,483.6,493.75,1772955,12.25,-8.8
09-12-2021,498,498.9,489.6,493.8,686790,9.3,4.2
10-12-2021,488.9,497.05,486.15,494.35,803654,10.9,-5.45
13-12-2021,499.9,506.3,494.25,495.25,800150,12.05,4.65
14-12-2021,492,492,483.35,489.5,924787,8.65,2.5
15-12-2021,487.3,497.75,487.3,491.5,1555695,10.45,-4.2
16-12-2021,495.8,496.05,487.55,491.95,971345,8.5,3.85
17-12-2021,488.4,488.7,468.4,470,2420490,20.3,18.4
20-12-2021,460,460.05,440,447.15,1891091,20.05,12.85
21-12-2021,451.9,460.9,450.05,453.55,1395623,10.85,-1.65
22-12-2021,458.95,471.9,458.55,470.5,1553516,13.35,-11.55
23-12-2021,476.45,478.1,471,472.35,1504426,7.1,4.1
24-12-2021,475,475,460,467.55,1537138,15,7.45
27-12-2021,466,472.3,460.1,471.3,641654,12.2,-5.3
28-12-2021,475,482.7,472.65,480.1,1167241,10.05,-5.1
29-12-2021,479.5,481.5,474.35,475.8,414506,7.15,3.7
30-12-2021,474.4,476.4,468.75,470.35,387791,7.65,4.05
31-12-2021,472.25,483.45,472.25,482.35,510974,11.2,-10.1
